serial_number,lot_id,Iddq_0h,leakage_0h,delay_0h,Iddq_24h,leakage_24h,delay_24h,wafer_radius_norm,is_latent_defect,defect_type
SN01-0001,LOT-A,28.686269861576953,9.49451478713344,8.747453927958087,29.159025108208244,10.192443397490678,8.861002195993484,0.5780699100693925,0,healthy
SN01-0002,LOT-A,27.6165173582805,7.469613942615209,7.813968410893827,28.135936556928872,7.705819580338071,7.846952188428932,0.4469079937682099,0,healthy
SN01-0003,LOT-A,26.62686196031573,7.4862989794219175,8.433523613606766,27.79841718953935,7.757309155974748,8.478392487552703,0.469806946274506,0,healthy
SN01-0004,LOT-A,62.05264382258418,17.01309284321568,8.373727011013298,79.0631221590172,19.98485083526356,8.532980169836557,0.9292714464743429,1,multivariate_latent
SN01-0005,LOT-A,28.32233629919857,10.605898324561684,8.196534767997742,28.78714308508903,11.186833253565657,8.296073576338786,0.49032824871087655,0,healthy
SN01-0006,LOT-A,44.993018732230134,10.218543510319678,8.761561460388672,47.02285373235252,11.172418380171328,8.831081255042317,0.6178519701549388,0,healthy
SN01-0007,LOT-A,23.5961646384935,46.584008025729126,8.263696574085419,24.01802950657147,46.77034405783204,8.376470423795151,0.6653672612342604,1,single_parameter_outlier
SN01-0008,LOT-A,23.141540065215313,5.720739179473246,7.985180013623173,23.93543360917868,5.896126889626579,8.060168603355923,0.5614803225852453,0,healthy
SN01-0009,LOT-A,32.39484382300292,15.064451074592693,7.769105770919749,33.34540761781007,15.527393755909488,7.843281860991019,0.6875676320703135,0,healthy
SN01-0010,LOT-A,21.95676527241351,7.904798936760915,8.58878994257894,22.928892050197422,8.313555758156939,8.747468464778523,0.9180293065339594,0,healthy
SN01-0011,LOT-A,16.046731006294603,13.004549585666577,9.033398812959028,16.281862005515823,14.38557100577129,9.133728041141909,0.2131548545113063,0,healthy
SN01-0012,LOT-A,21.77672415971256,8.918707414984617,8.309442245540454,22.78685579323617,9.373590382297635,8.342680014522616,0.5014311565681009,0,healthy
SN01-0013,LOT-A,13.860347739962828,7.326263880670391,8.080644839967977,14.15098731304731,7.614985788777919,8.156177565200084,0.6068263882988798,0,healthy
SN01-0014,LOT-A,27.903337388738283,8.472244082887169,8.319212013696818,28.479430383211604,9.05536023252601,8.464768469465284,0.7918360847904574,0,healthy
SN01-0015,LOT-A,18.0736981264767,15.349030558111396,7.819850665213154,18.297912034245417,15.880897419738465,7.940399078522655,0.4302055943977039,0,healthy
SN01-0016,LOT-A,34.246935176598484,16.47748558664682,8.471425596574624,35.090226898566364,16.991721093398848,8.600508862440162,0.7112392689374928,0,healthy
SN01-0017,LOT-A,18.537232485356824,10.884596626112558,9.54587433985072,19.28460041717244,11.175550844472518,9.584057837210123,0.5186498103389842,0,healthy
SN01-0018,LOT-A,39.314734987407,14.76897615398721,8.900501228610048,61.0332056463238,22.21957550542567,9.234001097278533,0.7409591202172239,1,multivariate_latent
SN01-0019,LOT-A,32.63372413195014,16.36284887289438,8.041544504633768,34.91957824380248,16.55423531807681,8.073710682652303,0.6034726390187929,0,healthy
SN01-0020,LOT-A,20.836687272333286,5.808846479517884,8.218276662708792,22.356744920711748,6.2213972400538395,8.327965315821778,0.46847537525597444,0,healthy
SN01-0021,LOT-A,18.30207850893131,12.51295073993628,7.66503053340305,18.801319619380127,12.90794984964218,7.728660880249991,0.8059314212820011,0,healthy
SN01-0022,LOT-A,41.524872348122365,16.744678119759257,7.873706415585007,42.716097171943005,17.305786353267514,7.968133449807616,0.8337395971684923,0,healthy
SN01-0023,LOT-A,51.90301320078895,14.529012412050117,7.462195058798554,53.854128691889166,16.099602902616198,7.559903596819626,0.741949964749366,0,healthy
SN01-0024,LOT-A,21.70243500964352,4.537957217978228,7.753381338283598,22.161276602141054,4.722263285488156,7.808002772993195,0.9264317011271761,0,healthy
SN01-0025,LOT-A,31.912562722330374,8.137869693733991,8.8610934360064,33.43722801037766,8.322657608048736,8.977581978384936,0.5928354114271617,0,healthy
SN01-0026,LOT-A,11.822145423932163,10.141118099692637,8.437547538684418,12.04326957335673,10.332209086912947,8.471297728839156,0.7424542032261262,0,healthy
SN01-0027,LOT-A,23.14905455928464,12.498765757741694,8.44341778758487,24.244457946787186,13.301932054571182,8.564952496280215,0.5476622562721365,0,healthy
SN01-0028,LOT-A,26.703812068802275,7.437312720539489,8.729610531531284,28.104427855026433,7.702903415543627,8.791893639091205,0.784699733148688,0,healthy
SN01-0029,LOT-A,30.613498560216396,6.296802432545108,8.131621771225426,33.52877109437789,6.488260134231868,8.23627363140158,0.6969224103264268,0,healthy
SN01-0030,LOT-A,32.4478584343416,13.480308354093111,8.39746179351703,33.74254541680926,13.978697010889094,8.49105021385871,0.8073404398551438,0,healthy
SN01-0031,LOT-A,26.3357973585571,11.277149282428933,8.354515205238046,26.916552328372656,12.022551476455995,8.505008976841935,0.4667178892280325,0,healthy
SN01-0032,LOT-A,28.84192451171105,5.36139769192259,8.616164067455625,31.324464684229813,5.680373335640088,8.672558479996312,0.8231669067020657,0,healthy
SN01-0033,LOT-A,8.792734175745858,5.909196515816418,8.705939318640054,9.346136734539071,6.309295434980117,8.821582023324703,0.927147299152754,0,healthy
SN01-0034,LOT-A,11.245446809855272,7.5106279740197,8.420737559034412,11.816435817613765,7.927742809715639,8.566413946290355,0.19891011429766756,0,healthy
SN01-0035,LOT-A,23.5961646384935,37.31382830873394,8.263696574085419,24.415111604681705,43.38380901793809,8.391278678645454,0.25551592410434704,1,single_parameter_outlier
SN01-0036,LOT-A,12.465003927226249,3.4557370047139537,8.215257814781047,13.149604436236563,4.010154883125906,8.320942058999103,0.8837780246495137,0,healthy
SN01-0037,LOT-A,49.195751581477886,11.954472186856796,7.942560050447574,51.20503884507035,12.33135447394143,8.005122166345252,0.5701721301345012,0,healthy
SN01-0038,LOT-A,25.858594676961786,10.07571038126343,8.265795432273332,25.962029055669632,10.229954627451022,8.298858614002425,0.6208504570095884,0,healthy
SN01-0039,LOT-A,17.44572235840245,11.567705698030856,7.528302944382225,17.70951837640352,12.600698659445806,7.669711586090231,0.34176348181246424,0,healthy
SN01-0040,LOT-A,18.16883619253584,8.74019077926639,8.164605175666198,18.71593221068554,9.174384884752532,8.305111658790153,0.6195140674014923,0,healthy
SN01-0041,LOT-A,15.630911352351056,12.273120421519433,7.935473642198952,15.885054470266134,12.642982635290748,7.968241883735996,0.7711048934939061,0,healthy
SN01-0042,LOT-A,18.294825680017837,7.3354809041051565,7.637195086639901,18.726934927064704,7.7371040136136084,7.749113422060246,0.8907563596819121,0,healthy
SN01-0043,LOT-A,23.8114628800307,10.922746629532162,7.981363036791277,24.684568782095138,11.3158147409626,8.108324163350145,0.9671229177350515,0,healthy
SN01-0044,LOT-A,31.95859681720338,13.125155047889267,8.151998985800352,33.15118382500737,13.883198348304603,8.216925795125514,0.39171230359315873,0,healthy
SN01-0045,LOT-A,43.65621530141449,11.071358158990234,8.202628309859461,45.712187466063654,12.680557439401065,8.28082134117842,0.622361041160233,0,healthy
SN01-0046,LOT-A,30.696680936216154,8.404200104605593,7.956836967747573,31.198329312712293,8.885493729828061,8.087589286634758,0.7010399290752706,0,healthy
SN01-0047,LOT-A,17.57153585332646,4.118294150128077,8.665563134396985,17.9808685460663,4.185861619397284,8.75507687604497,0.732555698780655,0,healthy
SN01-0048,LOT-A,7.010594583139651,5.534662282841478,9.489649234648072,7.333174572364282,5.825919364450188,9.527607831586664,0.8219255433990403,0,healthy
SN01-0049,LOT-A,12.108981771756895,3.6531535387241427,9.637231566429909,12.736552518046214,3.8560804802979685,9.720337091578019,0.6370627989669239,0,healthy
SN01-0050,LOT-A,24.643188747435214,8.028483674368099,8.551087523690475,25.494188095681196,8.495641997057351,8.701875922489634,0.5468848288007817,0,healthy
SN01-0051,LOT-A,34.50675984778569,15.972532153426137,7.813338631450537,36.26716942360726,17.073213196993063,7.994703770844298,0.5760555818858234,0,healthy
SN01-0052,LOT-A,58.73943524649277,10.271146811732834,7.417132768888749,64.0386336484598,10.711048812407158,7.467950536949412,0.4306137603081401,0,healthy
SN01-0053,LOT-A,15.463576880688528,4.846034751360861,8.813410401612309,16.263480301128784,5.150889857531704,8.926160504727093,0.49920271890341333,0,healthy
SN01-0054,LOT-A,54.17882262686424,12.531432669291162,8.293711432028076,55.37477700631502,13.528217215828791,8.453122046500232,0.7089421511107462,0,healthy
SN01-0055,LOT-A,20.05403530585794,10.25688179856792,8.525802679735952,20.486603219657837,10.562209932060199,8.703310146809695,0.9026004252224643,0,healthy
SN01-0056,LOT-A,35.20475446455042,11.444685673686658,8.136305115633895,36.25352824347874,11.763963611195914,8.168850336096432,0.8856107320392057,0,healthy
SN01-0057,LOT-A,23.5961646384935,9.032892188885866,11.258389115411594,24.214109180187187,10.783146703929784,12.51575277491085,0.8767920688158253,1,single_parameter_outlier
SN01-0058,LOT-A,34.24185706148331,12.851279020092298,8.871771412087678,41.822171079398764,16.424725750906067,9.111471652423592,0.6140910053295126,1,multivariate_latent
SN01-0059,LOT-A,35.29685458724388,11.10092406557492,8.680004154339608,35.8224948465007,11.472619589873984,8.858110326605926,0.6311755330411354,0,healthy
SN01-0060,LOT-A,22.877999187243446,10.831374720684375,8.60858974528403,23.317257474790622,10.996484017378219,8.665082322254028,0.873059208929552,0,healthy
SN01-0061,LOT-A,40.91602814238551,11.603162422561205,7.651152900894958,41.922712508948806,12.154696297902733,7.6969272970784735,0.946672985277805,0,healthy
SN01-0062,LOT-A,41.244841770332386,8.541473374488163,7.144699676732233,42.201493719250465,8.72178238037503,7.179524962419874,0.8274487631690569,0,healthy
SN01-0063,LOT-A,26.36013208788325,12.964391140248289,8.798135964348988,26.96451865453316,13.262888852926032,8.883833436430505,0.4568774845831082,0,healthy
SN01-0064,LOT-A,35.87939356992052,12.82686718193509,8.386128286335197,37.0673222285691,13.977438257336361,8.48336134831968,0.6924742173985762,0,healthy
SN01-0065,LOT-A,13.138386150031693,6.220781570488981,8.159152875625937,13.764460098112869,6.6909121691264914,8.291619028269281,0.6413689766901323,0,healthy
SN01-0066,LOT-A,13.415269487678442,6.820637300038735,8.07927303107824,14.101165132150433,7.258711976478213,8.122436706523082,0.8181852080219557,0,healthy
SN01-0067,LOT-A,13.970203047492744,8.002784838844539,9.044244191724594,14.356518618376331,8.146470470573684,9.12842980521924,0.8654867478978225,0,healthy
SN01-0068,LOT-A,32.12755352668405,13.345725355899239,8.022305669357765,33.19283279391239,14.499568205350801,8.081016497333206,0.6840851974854052,0,healthy
SN01-0069,LOT-A,37.47257196687083,19.986487199692665,7.902872618673291,38.96531661055101,20.584810524663883,7.977772763964628,0.926856646927941,0,healthy
SN01-0070,LOT-A,19.668596292900645,9.594384445936546,8.59811534267489,20.787737613692716,10.732251182317512,8.748634342001642,0.8785089301068517,0,healthy
SN01-0071,LOT-A,23.5311321621168,10.636019216807913,7.733864445318896,24.534283237575668,11.343557406900052,7.874593835530482,0.9077693728268065,0,healthy
SN01-0072,LOT-A,37.87886940326896,14.476260450168295,8.786251300310404,51.6996766834029,23.47721596933311,9.08498835472975,0.42625363279014084,1,multivariate_latent
SN01-0073,LOT-A,26.9103808393145,11.842700516067396,8.163999852245519,28.752342256659333,12.50614610603507,8.248970080717509,0.7557733905795438,0,healthy
SN01-0074,LOT-A,12.30010886355932,5.129404314164891,8.750148184183201,12.771288403263751,5.386753746065879,8.855314513230047,0.37268095209668384,0,healthy
SN01-0075,LOT-A,25.49621571571889,13.392351988121552,8.328846041739464,26.669609083550533,14.139605638412444,8.58414068829972,0.6312529051675545,0,healthy
SN01-0076,LOT-A,14.496701369182594,7.922275972792217,9.157688296096548,15.160005051511785,8.387410296214647,9.194319049280935,0.9141252620427079,0,healthy
SN01-0077,LOT-A,26.496958089073377,8.209901103276113,8.552119268180617,27.593500844138227,8.420657982811965,8.586327745253339,0.48717175144174935,0,healthy
SN01-0078,LOT-A,31.37718003194773,10.069921537652988,8.799580189601395,31.940677918164756,10.260501088600027,9.035038775936517,0.45119285284456745,0,healthy
SN01-0079,LOT-A,22.870402890331917,8.523410917428118,8.16193394023733,23.76047706328012,9.4587180918185,8.265710917163291,0.8239173700637668,0,healthy
SN01-0080,LOT-A,25.433600938800815,16.58269809193492,8.173881212469444,26.525198438047358,17.55835564675152,8.206576737319322,0.58592249186612,0,healthy
SN01-0081,LOT-A,21.593471009371022,6.1478549518280285,8.510353221509115,22.477084454810388,6.412725309017176,8.608559680443156,0.49864685094311817,0,healthy
SN01-0082,LOT-A,30.421857435272397,8.860981320087161,8.253847291218657,30.602965051373065,8.996676071178165,8.286862680383532,0.575616036786248,0,healthy
SN01-0083,LOT-A,24.029395658468378,13.257762852875162,8.235896254931369,24.95069000250415,14.076534860621008,8.40928895644187,0.8774839453192509,0,healthy
SN01-0084,LOT-A,25.936445630413807,17.08328745304017,8.230219211815706,26.912998989580554,17.62385556955871,8.451688812473467,0.5112520675582672,0,healthy
SN01-0085,LOT-A,18.5968573067211,5.685679990661815,8.4686533257408,18.7530947380821,5.742234205819627,8.561920378132305,0.9044873393323157,0,healthy
SN01-0086,LOT-A,10.553686065171185,3.86587859439975,8.477582644333301,11.009463842837409,4.113832551724238,8.566804279011494,0.8904910382057616,0,healthy
SN01-0087,LOT-A,23.626343474384672,4.924170518981114,8.373599272352171,24.38418085999745,5.241188527516443,8.46307627587127,0.6639760023510387,0,healthy
SN01-0088,LOT-A,30.31108342557091,9.456121852638635,8.294712424984292,31.76995990887438,9.981407400198556,8.339767683344144,0.5890980626110892,0,healthy
SN01-0089,LOT-A,13.576049650270777,6.0884581868850365,8.53125291119944,14.529163267948118,6.2658772838119505,8.579345571979868,0.5300562298534481,0,healthy
SN01-0090,LOT-A,16.24316513806707,5.419880406934165,9.811891527843816,16.65350043290662,5.823557818208268,9.851139093955192,0.9678431258536477,0,healthy
SN01-0091,LOT-A,20.739869605576605,10.109906734928737,8.201939464135974,21.345228842544834,10.406694668204056,8.266867050505704,0.5129438964892751,0,healthy
SN01-0092,LOT-A,29.4273774718518,8.611949168232947,8.339659372024789,29.560900683126487,8.814970852996156,8.409106699523255,0.4492973421255058,0,healthy
SN01-0093,LOT-A,17.024461963520015,6.824026608915029,9.202786237936039,17.535493356905025,7.022508108988748,9.309674142220606,0.7014242206545043,0,healthy
SN01-0094,LOT-A,13.546294760963555,7.285338403825669,8.511317839100299,13.987863007585883,7.864770903833572,8.626859382894507,0.9423795246407145,0,healthy
SN01-0095,LOT-A,10.379734635693294,6.736549219399635,10.086469560504586,10.66968429595974,7.072371199361536,10.191034244806408,0.8991954574111076,0,healthy
SN01-0096,LOT-A,22.563957235665768,9.716567502228024,8.141367387936711,24.134022600877373,10.123275397710767,8.173932857488458,0.4245648115041934,0,healthy
SN01-0097,LOT-A,45.71572828650778,10.936274502622455,8.035591970555842,48.02492164859398,12.258093531325326,8.067734338438065,0.640817063745405,0,healthy
SN01-0098,LOT-A,18.26796630367636,13.19397149834487,7.5913735422492,18.65486719992225,13.856901295127253,7.651208214196928,0.28250587186094,0,healthy
SN01-0099,LOT-A,16.14989223365904,7.194796207897073,8.73988664568406,16.932836930810122,7.907287569722809,8.834832754017267,0.45159601779548286,0,healthy
SN01-0100,LOT-A,20.29362868377908,5.888398594065456,9.02243890881746,21.762219627618748,6.17519490971935,9.239726061135876,0.701487935814033,0,healthy
SN01-0101,LOT-A,23.7640146189931,6.519337780080425,8.677536659257909,24.65419260126182,6.711114426198855,8.71224680589494,0.7103876459284829,0,healthy
SN01-0102,LOT-A,31.048887715105014,17.67324880815565,8.315008774083456,31.7481219965798,17.921543591665735,8.404526345203243,0.25445952197065747,0,healthy
SN01-0103,LOT-A,12.515393912269312,4.264928366930212,9.38013603164827,12.72579729642914,4.561134808129198,9.485406862077593,0.7129061460540707,0,healthy
SN01-0104,LOT-A,31.456483405236394,18.74386829006951,7.946180158791178,32.309364632588796,19.81703094392668,8.044654059280031,0.5271203075590365,0,healthy
SN01-0105,LOT-A,18.96447898052244,15.779953640593268,7.952709157095615,19.905078896604273,16.493986480538265,7.984519993723998,0.4056013468408911,0,healthy
SN01-0106,LOT-A,9.777467591893108,8.006695774001805,9.954166364732712,10.930220857226061,8.382043743293513,10.086370692884906,0.6814353265158859,0,healthy
SN01-0107,LOT-A,61.49446314793993,18.295210718397897,8.612963089667062,84.52529600264758,29.977077300939165,9.018419193279016,0.6908465794756148,1,multivariate_latent
SN01-0108,LOT-A,17.658885201651962,8.544809651588007,7.97460119501204,18.057870780580604,8.627077954518182,8.035052174901207,0.9478538134199618,0,healthy
SN01-0109,LOT-A,21.628487956392505,11.440034727705264,7.987584832254356,22.155568264397385,11.914167393142769,8.114711611233982,0.6371661456943817,0,healthy
SN01-0110,LOT-A,14.190407331661143,7.349697535291824,8.059696116739685,14.946599056681693,7.508473278696762,8.13658330757399,0.5138442157044444,0,healthy
SN01-0111,LOT-A,17.424086383390254,6.221821524433239,9.166203359009646,17.74087043391278,6.88626708707512,9.330733923653215,0.8174666687356191,0,healthy
SN01-0112,LOT-A,21.829264104197424,11.145993454228455,8.169715031528385,22.555484613417075,11.673429224532766,8.295149007035526,0.6851985499822194,0,healthy
SN01-0113,LOT-A,15.760589701149321,6.342516633967892,8.612825424697887,16.595794836117474,6.416978371569021,8.659690848600967,0.8097680340446836,0,healthy
SN01-0114,LOT-A,47.977491609337015,14.42951665591276,7.676815603412213,49.95533538089903,14.705082054541986,7.707522865825862,0.5905704710322375,0,healthy
SN01-0115,LOT-A,27.361622648808915,6.616210197774257,8.72069698767031,28.04383514690105,6.851283901566005,8.755579775620992,0.8314882819588969,0,healthy
SN01-0116,LOT-A,33.177744318942274,8.774300750672346,7.7924632269529415,34.694236153105216,9.092200414448339,7.835463430713697,0.39877990349971015,0,healthy
SN01-0117,LOT-A,36.12828441619575,8.001854252385478,7.60843963831307,37.48272729795943,8.196060872332055,7.638873396866322,0.7449184247056987,0,healthy
SN01-0118,LOT-A,48.61005454882399,14.485559717183333,8.106509222680902,49.9138091110889,16.51182214954764,8.165946455271106,0.6859555090171887,0,healthy
SN01-0119,LOT-A,18.96791213259976,16.430390208422722,8.5562403669996,20.617494749035163,17.361999056424043,8.594711577165889,0.3654623271823055,0,healthy
SN01-0120,LOT-A,17.774208993647903,10.034058244281203,8.7258816364767,18.244958626996844,10.490857940864105,8.785616125870202,0.6288262376295563,0,healthy
SN01-0121,LOT-A,48.56476743560067,8.744219115442595,7.557467803499591,50.74397663197596,9.067909179850089,7.625801020742561,0.2805655274595916,0,healthy
SN01-0122,LOT-A,33.993635638076256,10.908024086192965,8.608651606716144,34.380518081833586,11.657834022163376,8.688745391052771,0.6656441385761322,0,healthy
SN01-0123,LOT-A,17.845449061016552,15.48707935682046,7.836153908651677,19.336193025407802,16.31959117187786,7.925668013032752,0.7350888614352659,0,healthy
SN01-0124,LOT-A,23.67097814249179,8.826749356146593,8.06472440239962,25.80732690032035,9.320476251543127,8.38888335969756,0.8625438164333774,0,healthy
SN01-0125,LOT-A,26.321070457117337,6.801333326117293,8.200162404282194,26.76083032878294,6.99186164799981,8.239253110004391,0.7940841610366104,0,healthy
SN01-0126,LOT-A,23.439950459349465,4.4143275653186596,9.16683096392926,24.56093286684702,4.536847469592058,9.310979423909576,0.6180487259378326,0,healthy
SN01-0127,LOT-A,16.925789817193845,6.413159816269495,9.028906291786466,18.00289142392333,7.244202683128959,9.101196859291273,0.60261071301506,0,healthy
SN01-0128,LOT-A,27.197261094633223,7.086130082722001,8.618837559517727,27.824138948588143,7.370457970792589,8.709568022515942,0.4011949086546405,0,healthy
SN01-0129,LOT-A,25.803477365547746,11.841648039446424,8.649000867988025,26.951929400049693,12.866816861087377,8.683596871459978,0.6374090856505387,0,healthy
SN01-0130,LOT-A,27.429316997359052,6.319564073800419,9.5625047768152,27.981382593952567,6.473771177598069,9.60075479592246,0.7574401840984081,0,healthy
SN01-0131,LOT-A,20.403838141508892,9.717594314124904,7.6562120775822935,21.02141701610253,10.010725320347738,7.688517326101244,0.8912412298899488,0,healthy
SN01-0132,LOT-A,22.13145015085052,11.314412722110069,8.140587083641297,23.71302321304574,11.659664504427655,8.230711163592028,0.6940185476035883,0,healthy
SN01-0133,LOT-A,33.13371492987683,10.21267610092109,7.7333869152222,34.991868540301226,10.778392650553991,7.778016636886782,0.5157756753248595,0,healthy
SN01-0134,LOT-A,18.805295391174212,6.436487149978909,7.964768918590671,19.429545034521276,6.894269947276888,8.088510667965664,0.7505973690385006,0,healthy
SN01-0135,LOT-A,25.83995275010949,4.977833123185672,7.939339996212343,26.290276263873846,5.138727861667382,8.093023567956102,0.651228961769448,0,healthy
SN01-0136,LOT-A,31.885136554956713,3.8422158287956623,9.023830282370387,32.78503753451377,3.936839201261615,9.132667053155606,0.8133835734605606,0,healthy
SN01-0137,LOT-A,8.070247378602891,4.3011884167775705,8.383872283739242,8.386701674087057,4.40341067483174,8.452690192522068,0.5948697918110657,0,healthy
SN01-0138,LOT-A,33.30590570099086,7.705532031323031,8.180835765514782,34.01141012050317,8.038890916911365,8.213559108576842,0.6348593814537665,0,healthy
SN01-0139,LOT-A,20.49214601391955,11.178317262381077,8.342164607240184,21.684171617584038,11.847727888526402,8.399789417075468,0.628714605403334,0,healthy
SN01-0140,LOT-A,42.889295707431074,12.584404437527839,8.072086222903675,45.23869843637843,12.977366657013835,8.220917458590419,0.6973766059183136,0,healthy
SN01-0141,LOT-A,33.91055891569678,8.08740084836203,8.308292138014716,34.314453837892174,8.488884173355572,8.341525306566774,0.6592562042078961,0,healthy
SN01-0142,LOT-A,26.96094426219249,7.03742859231141,8.68911082493505,28.139948288144822,7.275065593629412,8.74160385001688,0.7524686743461908,0,healthy
SN01-0143,LOT-A,23.503084337413892,8.32401384091409,8.537430089765017,24.420238116552234,9.227768109450507,8.663436914656495,0.3695135367081414,0,healthy
SN01-0144,LOT-A,30.895383081683732,13.358610192788364,8.971374032549223,31.7663263137836,13.82800014162606,9.055383570819373,0.6315937490279203,0,healthy
SN01-0145,LOT-A,39.91193284608609,10.681635439931478,8.18938457430727,40.85488547142419,11.339268952516031,8.225062827542416,0.6651684200092938,0,healthy
SN01-0146,LOT-A,22.06225412675468,20.845024227066066,6.972130949352904,23.74113941362058,22.2299944414585,7.042132974026175,0.9398213948442852,0,healthy
SN01-0147,LOT-A,39.60432554207514,6.91755690159135,7.8892769605242,40.65585635939438,7.095409806570678,7.950846297537814,0.837199547681789,0,healthy
SN01-0148,LOT-A,35.93927140732846,12.676336090684734,7.411595072575944,37.347951339386185,13.950399708173345,7.452466945193311,0.6285217410705518,0,healthy
SN01-0149,LOT-A,37.874409181242825,11.085105982702927,8.114096448578206,39.605747354097,11.830946321821033,8.231082945894524,0.9191558503281144,0,healthy
SN01-0150,LOT-A,21.241894854207732,10.431386176346361,7.969840670817738,21.78439327305322,11.52306287103427,8.130606012988808,0.7260786565899723,0,healthy
SN01-0151,LOT-A,18.969827145171656,10.477048218206855,8.07636374432663,19.48639975551619,10.867310324100732,8.117686000019665,0.8120722776883668,0,healthy
SN01-0152,LOT-A,41.133475182652404,12.598010998785345,8.712628439877529,44.282760037862246,13.229429645984553,8.832240009876596,0.8579656291139122,0,healthy
SN01-0153,LOT-A,36.011966540538275,16.378003497969967,8.110497345328044,37.068239182001605,16.780581994680983,8.167338882903099,0.9359807241985113,0,healthy
SN01-0154,LOT-A,13.78936251751572,5.42121807473257,9.34991665824316,14.229791507940053,6.053404886797449,9.456289980260717,0.7002504876275665,0,healthy
SN01-0155,LOT-A,47.33666947880206,6.070059896890999,7.5556324621183375,48.415597220230396,6.3898894475595736,7.6251843899925555,0.9112383663883077,0,healthy
SN01-0156,LOT-A,19.27497432090837,17.583106517871553,7.605088392302218,20.06089490597295,19.03735314111239,7.715670001120043,0.5044572167992698,0,healthy
SN01-0157,LOT-A,18.420297084629258,2.219310232830699,8.91882959399448,20.708105498255065,2.3683742163317447,8.993636389484939,0.8442458590388192,0,healthy
SN01-0158,LOT-A,10.138948213126339,3.09589804649814,9.482099204130344,10.739006296079767,3.489939723611171,9.701281599546324,0.7435945012222058,0,healthy
SN01-0159,LOT-A,40.687715763456495,23.794215551787826,8.362374398496224,49.39269582250092,31.530459943296854,8.57907686191498,0.7496785514903979,1,multivariate_latent
SN01-0160,LOT-A,94.9990746751489,13.014453457382801,8.263696574085419,95.3790709738495,13.316620833288592,8.375914625074444,0.5772004360077351,1,single_parameter_outlier
SN01-0161,LOT-A,24.78585152730126,5.441146122106628,8.546627116908768,24.93624310133087,5.531491359805408,8.580813625376402,0.9098081978047853,0,healthy
SN01-0162,LOT-A,6.9792377581261675,3.9153871564986478,8.703579740395556,7.23362566098448,3.996686463731368,8.738394059357137,0.8112687955660348,0,healthy
SN01-0163,LOT-A,38.11631857208634,16.25053529466948,7.857706950704669,41.293012086900866,17.239669930237948,7.889137778507488,0.7481065888271545,0,healthy
SN01-0164,LOT-A,16.30186498752993,5.765051693329643,8.260628629086826,16.724916393669965,6.07792561442838,8.388767881033944,0.6590683306350816,0,healthy
SN01-0165,LOT-A,19.11007373429349,9.66027901212541,8.462339489265322,19.615320782716633,9.988877836097982,8.552135594497122,0.3452994715909213,0,healthy
SN01-0166,LOT-A,20.06654966915898,7.7738044504582495,8.484306272643465,20.597474932346042,8.171721350911879,8.599157998373618,0.8541128585187914,0,healthy
SN01-0167,LOT-A,37.21447322913662,7.328513171050782,8.46411026827201,40.83525363344565,7.563505488626163,8.566857776071638,0.45481434216813493,0,healthy
SN01-0168,LOT-A,23.272359422887952,8.02888477596755,8.706157304769217,24.62373023916083,8.494982546919333,8.804941356297581,0.8840530921186661,0,healthy
SN01-0169,LOT-A,34.44025547862406,10.484446599458597,7.813260927900287,35.197637841403626,10.67876792477613,7.860609712584564,0.8569652218507746,0,healthy
SN01-0170,LOT-A,21.77357131465437,12.325141476059944,8.0330444570187,22.429402566424915,13.239383845046428,8.152852123029549,0.7930960969387013,0,healthy
SN01-0171,LOT-A,37.16081976198323,11.98710260277349,8.463826124100583,38.197554345195684,12.527977853976537,8.579134107818787,0.4935119376981646,0,healthy
SN01-0172,LOT-A,25.84210469259466,5.253090247921861,8.68387424993781,27.126083484055606,6.146738672120771,8.938441545688542,0.46312111310962695,0,healthy
SN01-0173,LOT-A,24.75341051440607,9.612360846537554,7.9820225459607,26.322447966886706,10.236175495662035,8.061887785644496,0.7253396512815028,0,healthy
SN01-0174,LOT-A,21.689606852334997,6.162269829835533,8.785908791099033,23.085988738103094,6.453793502670752,8.87029732033707,0.7476244721203293,0,healthy
SN01-0175,LOT-A,11.04778990269014,9.392195756029057,9.08633960619289,11.352242691145182,9.902930685245932,9.17427431159545,0.31379528821057906,0,healthy
SN01-0176,LOT-A,25.296371420127908,5.950876101177309,9.02437783652272,25.761421740830098,6.066789924375074,9.166785393079177,0.7041039628076632,0,healthy
SN01-0177,LOT-A,23.5961646384935,47.509133978016536,9.348042409116093,24.00734142259067,47.6991705139286,9.396295387987621,0.352059647684716,1,single_parameter_outlier
SN01-0178,LOT-A,29.018904568971596,8.804472585699123,7.942529428439096,30.564253567029766,9.375321588668513,8.064672072423404,0.5700912033912867,0,healthy
SN01-0179,LOT-A,24.510531063779904,6.5746959203247775,8.283841012660739,25.021830124673084,6.631373343897564,8.34513288812272,0.7154401507747669,0,healthy
SN01-0180,LOT-A,58.99800022120604,9.392148484758202,8.09255288256368,61.328331034982085,9.951359025585447,8.124923094093935,0.37383128172505886,0,healthy
SN01-0181,LOT-A,15.53967353696813,6.576059959984103,8.34079183557016,16.18339027063404,6.7726051013515685,8.404401226823403,0.4749545667184592,0,healthy
SN01-0182,LOT-A,23.549131804204663,6.571039357044099,8.11943511226613,24.023329770634902,6.912492795871203,8.208590296324916,0.6170542903537799,0,healthy
SN01-0183,LOT-A,21.814724824506804,4.83846080559501,8.466260835431212,22.33205722295207,5.038735306283425,8.564272070983575,0.5502768778116017,0,healthy
SN01-0184,LOT-A,21.214015908314536,3.960974117236153,8.947941710766225,22.08661359021248,4.243997317605537,9.054439544752256,0.6716001558059493,0,healthy
SN01-0185,LOT-A,17.161073878244135,4.415002947713396,8.118367835860196,18.251902459324885,4.714712743799884,8.251813844575617,0.8608782949322155,0,healthy
SN01-0186,LOT-A,31.4954923408916,10.320312751601435,8.079722143546407,34.54121016943912,11.871941261684693,8.245821737237772,0.8047362280609667,0,healthy
SN01-0187,LOT-A,59.264406837183245,16.06524884785708,8.375679000265128,85.244461861583,24.071871884986734,8.84795061798051,0.6455695615943259,1,multivariate_latent
SN01-0188,LOT-A,18.122057247252993,5.079763419226624,8.287162789471601,18.561547180210983,5.227461119125641,8.379491595936114,0.8142349916759511,0,healthy
SN01-0189,LOT-A,17.775304653769336,6.4931607577611965,8.552810890355973,18.414932514426955,6.89355695514929,8.607592934391223,0.7268206284095996,0,healthy
SN01-0190,LOT-A,19.978369867507716,6.132344465741114,8.52945578628285,20.46794669385411,6.312098834881259,8.605030923464453,0.6728690158076487,0,healthy
SN01-0191,LOT-A,24.46290074583783,26.836399706538497,8.062999158662416,24.90285225912286,27.723610058188807,8.120916833623523,0.4101197087927099,0,healthy
SN01-0192,LOT-A,19.51965668971555,6.877149869697849,9.67004025186637,20.561464803354983,7.419813441051491,10.022087472055777,0.6395693902637162,0,healthy
SN01-0193,LOT-A,31.80844831198993,11.798271732321085,8.594172472947037,38.970943871818356,16.70223397959139,8.773713728423106,0.691021045788128,1,multivariate_latent
SN01-0194,LOT-A,95.25887293433115,9.032892188885866,8.263696574085419,95.63990842606847,9.320428058210435,8.315349018662024,0.42318445667265137,1,single_parameter_outlier
SN01-0195,LOT-A,16.848710688226614,8.745845951032756,7.789253126240811,17.301380414670575,9.023366980774046,7.857769284080756,0.8088031313262133,0,healthy
SN01-0196,LOT-A,29.270090730570953,8.826937992957017,7.887478086355386,31.9343532688415,9.282894396211814,7.989169133046815,0.6496136153944897,0,healthy
SN01-0197,LOT-A,25.883413554001436,6.71616331739402,9.14323693584714,26.83874215802431,7.164613897854737,9.26967239673126,0.5975854193063014,0,healthy
SN01-0198,LOT-A,20.72925619507033,19.677993438142863,7.851025365768317,21.159216589065842,21.310771270952944,7.957406708062381,0.9448285621140653,0,healthy
SN01-0199,LOT-A,22.382230891445204,6.714426785205231,7.994478131474935,23.627946595892514,6.913833639711111,8.051927814705351,0.8880915925775119,0,healthy
SN01-0200,LOT-A,16.292424902036352,9.032822543630948,8.313211688378571,17.0088521805574,10.05879218005096,8.454020551431256,0.3005725576875941,0,healthy
SN01-0201,LOT-A,16.66486629527222,7.339593849254819,8.437104148903549,17.627822269152723,7.667021749459015,8.531536188880256,0.9326502016743426,0,healthy
SN01-0202,LOT-A,23.390555317591723,6.026638704390408,8.447157317593744,24.58608137819529,6.643832073516859,8.561176186101942,0.8599794175720941,0,healthy
SN01-0203,LOT-A,71.72852067506939,16.828424018360835,7.392656698556706,74.96635205413986,18.325996572512494,7.4750063002496985,0.6359861690600694,0,healthy
SN01-0204,LOT-A,20.926201157062902,9.028583041682284,8.752497604282887,21.24890934123381,9.3009715587833,8.787507594700019,0.6792908527898663,0,healthy
SN01-0205,LOT-A,27.084770845051512,8.01645284396065,8.221521520237367,28.36910715898916,8.157865049944109,8.299892272534597,0.4246501247671612,0,healthy
SN01-0206,LOT-A,27.295605130251413,6.740819773053411,7.8225602806073224,29.01938763907006,7.992114042313625,7.960093389097077,0.5050613624704037,0,healthy
SN01-0207,LOT-A,28.30039364755976,11.5767820848193,8.64131050048395,29.995821410077294,12.130239120782907,8.721977897426791,0.48197993666924666,0,healthy
SN01-0208,LOT-A,37.771016322940746,16.638579979779976,8.100334068535643,40.54263426775087,18.210829120527432,8.227234020517063,0.7717637009263837,0,healthy
SN01-0209,LOT-A,27.761968289957093,7.962675631388873,8.245966796888988,28.369088070170154,8.301106478033757,8.278950664076543,0.6464662324870005,0,healthy
SN01-0210,LOT-A,12.172569972104439,4.695675049011081,8.282623881997475,13.089699174239513,5.292729819799182,8.395124628195818,0.7661498946611793,0,healthy
SN01-0211,LOT-A,23.179251722462975,18.08478181171873,7.638639596812987,23.62287189898097,19.637217977225312,7.740628918462207,0.7932980806402309,0,healthy
SN01-0212,LOT-A,12.18778100947161,6.475833269243456,8.645217059350538,12.713439039183479,6.721649259989267,8.722937884848479,0.8468100552299828,0,healthy
SN01-0213,LOT-A,22.18837921888722,9.198912175208864,8.800430291614568,22.573128319637007,9.743230336209187,8.868353485428838,0.17005959128688994,0,healthy
SN01-0214,LOT-A,16.602013753634157,9.473884290109996,7.883618351169357,16.88014214315333,9.911965231065935,8.03295134040714,0.6993791490617093,0,healthy
SN01-0215,LOT-A,36.21423174570156,27.458234578551497,8.029469726779833,37.81577677256018,28.43931317943291,8.061587605686952,0.8225841548533445,0,healthy
SN01-0216,LOT-A,45.82093602946324,6.947444984233786,8.512085499665083,47.39175372170814,7.588145408132988,8.629393489462549,0.8906597519438949,0,healthy
SN01-0217,LOT-A,32.60059581918624,7.444567932409956,7.860160945440908,32.76431899461506,7.80518520305845,7.9587096277505,0.8205587344346699,0,healthy
SN01-0218,LOT-A,32.84836761730213,11.906804379456911,9.084601751255553,38.68412498004641,15.186750038554461,9.284124180303214,0.5154010633320805,1,multivariate_latent
SN01-0219,LOT-A,23.5961646384935,32.49741092449176,8.448783725548823,25.417716606878574,35.46706170975536,8.512073232034627,0.6584147948022315,1,single_parameter_outlier
SN01-0220,LOT-A,12.03066642614222,9.637758847670275,8.871779020570097,12.637346688284547,10.136699894758198,8.963312396465124,0.9376154477585029,0,healthy
SN01-0221,LOT-A,17.941293977994153,9.007511273711868,8.528993430426672,18.615780250162285,9.722984922552056,8.949309944163954,0.23992487207307328,0,healthy
SN01-0222,LOT-A,14.796080535997465,7.920379591496277,9.599527149088592,15.512596158233592,8.392686135166619,9.737787019121274,0.8135651524024972,0,healthy
SN01-0223,LOT-A,10.436172599687522,6.761930946603529,8.69934178561,11.081113147086421,7.050154366562048,8.877644721249146,0.7626357643541644,0,healthy
SN01-0224,LOT-A,19.87934825596403,7.043906750208276,7.5953395378799975,21.46825808195686,8.069757850409731,7.770569594748684,0.7697590329934995,0,healthy
SN01-0225,LOT-A,64.84182076052514,13.45109913494888,8.365766445557043,83.63632371476533,18.690378285600197,8.624022573183462,0.5631811000861386,1,multivariate_latent
SN01-0226,LOT-A,20.238002226893247,7.137429262640816,8.410850374963363,20.722854337581012,7.506239272780067,8.515530737508701,0.5324005726042297,0,healthy
SN01-0227,LOT-A,31.227708321733797,10.36333194278017,8.027840119348596,32.36049037213206,10.645316212141061,8.163466449775003,0.7229568611128677,0,healthy
SN01-0228,LOT-A,23.942586952537155,7.012596009619801,8.993111864943042,25.036645925579702,7.747603453679368,9.056752744959553,0.8465232081107497,0,healthy
SN01-0229,LOT-A,31.696200586821494,10.560979170628594,8.348564842672166,32.548117716409536,10.938373344407019,8.515737460438233,0.23219877313601284,0,healthy
SN01-0230,LOT-A,15.817353243717193,5.682851284348441,8.810600860784088,16.198574555232778,5.867859175592488,8.873893756997322,0.7179931795559504,0,healthy
SN01-0231,LOT-A,12.725017727363602,6.607912581750725,8.119969708559474,13.571297441974933,6.75930448982396,8.152449587393711,0.8251493108439056,0,healthy
SN01-0232,LOT-A,20.269674090166582,6.985635707728348,7.953220498540282,21.587546609365663,7.388897231485929,8.010676131728886,0.23270461271590667,0,healthy
SN01-0233,LOT-A,18.332032452627352,8.30366650844291,8.517271197722636,18.893827501927934,8.457707522143318,8.59322999567845,0.7827126700877076,0,healthy
SN01-0234,LOT-A,10.284473211481824,5.466582076398208,9.058690381884116,11.16251594041632,5.676183294318948,9.14231896779634,0.25024068396702087,0,healthy
SN01-0235,LOT-A,19.79494554672538,9.371802527927729,8.089159168898833,20.352155437832657,9.552119491148966,8.21770045714638,0.1497346193557771,0,healthy
SN01-0236,LOT-A,31.401926837977193,15.077620087447066,8.06757975894458,34.42173880283818,16.088652500497528,8.162059325918737,0.5087483856837377,0,healthy
SN01-0237,LOT-A,20.579845885896734,10.265897162991694,8.69781415224861,21.36984728970673,10.658053054089468,8.732605408857603,0.4571459851819125,0,healthy
SN01-0238,LOT-A,39.73296744127447,14.125560068104303,8.027559995060443,44.85124484324379,14.421537832464416,8.059670235040684,0.5435499667019591,0,healthy
SN01-0239,LOT-A,18.47387796222596,10.348506631643207,7.034722206689779,18.806454350916038,11.1667907761636,7.1463534441176195,0.8839644481926477,0,healthy
SN01-0240,LOT-A,25.61540808344937,6.2761466714896885,8.276803108395406,26.07381342313036,6.40734526343259,8.349651959956798,0.9447774288024838,0,healthy
SN01-0241,LOT-A,12.95872220041478,13.572986041381153,9.421878041950457,13.808467270310743,15.093370358993257,9.650148383439065,0.8935983484719748,0,healthy
SN01-0242,LOT-A,23.781030741282663,9.918860400603625,7.904090561337495,24.70996607766463,10.271826733327089,7.95258313111453,0.43780529894123366,0,healthy
SN01-0243,LOT-A,56.00597040242931,47.52260700325449,8.263696574085419,61.47010311263503,47.71269743126751,8.354823790791851,0.7831464669223462,1,single_parameter_outlier
SN01-0244,LOT-A,32.62144905241702,10.067650608551459,8.84915654526601,33.46285161072867,10.90937383227663,8.95545001324416,0.8088380278433389,0,healthy
SN01-0245,LOT-A,34.62983162251465,14.120330376718236,7.933678430381217,35.586450453426686,14.34336754989389,7.967861301227194,0.9191678791310831,0,healthy
SN01-0246,LOT-A,21.728157259904833,7.578717305467924,8.895568311845208,23.087966743620143,7.816327038787386,9.034058740096985,0.5803545118410119,0,healthy
SN01-0247,LOT-A,18.422123207116723,11.143328029487177,8.500254316301982,19.464754293883907,11.845834965819662,8.597909393820283,0.651630102416654,0,healthy
SN01-0248,LOT-A,17.21628329125396,6.148767970871408,8.866793229887834,17.43944477853943,6.403992691305657,9.095694478990122,0.6714321017834891,0,healthy
SN01-0249,LOT-A,19.978589028671994,6.7410426320487735,8.62017775067845,22.21259200404012,7.173608107911928,8.725115615131143,0.6523962226373251,0,healthy
SN01-0250,LOT-A,44.80733564761621,25.471731760217235,7.912078787030306,48.15126431609285,28.09668273762979,7.9437271021784275,0.5235552509971749,0,healthy
SN01-0251,LOT-A,36.54820344856964,14.035913157864806,9.668672702131618,47.45245062872558,17.68807311390822,9.870641909108567,0.6614858013349689,1,multivariate_latent
SN01-0252,LOT-A,21.686093545652096,6.25155860641589,8.83299881000019,22.621209808848423,6.629295742007248,8.984351828815909,0.38589801615391534,0,healthy
SN01-0253,LOT-A,13.65198977821623,12.911321490327627,7.744041991850657,14.29997534578468,14.120722408975817,7.775018159818059,0.47809534794197694,0,healthy
SN01-0254,LOT-A,12.641786946427887,6.546407313138505,9.082975920519912,13.043033755965022,6.86388915354131,9.210520508494936,0.23954022285947318,0,healthy
SN01-0255,LOT-A,56.445285647392524,17.09841025879187,8.160691289409204,58.29481078242444,17.65054508024025,8.260313451861132,0.8611711418438297,0,healthy
SN01-0256,LOT-A,18.70395155114772,25.312192876163994,8.650996608137802,19.384908041898136,26.33885355956109,8.685600594570353,0.33137480723457063,0,healthy
SN01-0257,LOT-A,18.778324848689525,7.852758927617479,8.380848144267347,19.26237745569879,8.002440372734346,8.561814796126988,0.4607745311611942,0,healthy
SN01-0258,LOT-A,29.36578580035557,14.650637681528323,8.51800688611557,30.06277217271889,15.089965436123789,8.552078913660033,0.8858807562585873,0,healthy
SN01-0259,LOT-A,15.857080190466744,4.767901527455487,9.374497668788546,16.32267324331338,5.109229705105636,9.500145593686716,0.7352789356382958,0,healthy
SN01-0260,LOT-A,18.891623904289844,9.445147426019778,9.727341677944743,19.890155650303488,9.899770046587985,9.845611468887947,0.6602312771044184,0,healthy
SN01-0261,LOT-A,28.53666782525451,7.910417007130243,8.406402267013188,29.709954746133388,8.408846240808211,8.45769845712812,0.4209287431125189,0,healthy
SN01-0262,LOT-A,32.37586396052701,10.829096933809087,7.900328738729777,33.70810495678391,11.82022890057766,8.003350950480678,0.8937155454558319,0,healthy
SN01-0263,LOT-A,12.626284647772993,5.652792287858871,8.547339550018812,13.313666069698513,5.839501610907836,8.746801550888021,0.7766537912521662,0,healthy
SN01-0264,LOT-A,21.07399570941794,6.715994246025606,8.602224939092155,21.843224841813832,7.104607230590085,8.709376508450685,0.4379873427162754,0,healthy
SN01-0265,LOT-A,17.53239475224099,8.243742462399657,7.980987993284638,18.729036299150895,8.6603185635064,8.03954601935986,0.4085574672576343,0,healthy
SN01-0266,LOT-A,18.579672951537724,5.8331204201149935,7.286307577367147,19.172408861178827,6.065356639635004,7.432726725231428,0.8783915179612399,0,healthy
SN01-0267,LOT-A,23.928483525953524,5.554299388179802,8.238191222201998,24.483741061640117,5.8915626828280825,8.271143987090806,0.46223539443278044,0,healthy
SN01-0268,LOT-A,26.242956853251133,13.78441048219898,8.186638161906767,27.508031666439926,15.021637368510428,8.281839833549526,0.10509568056855863,0,healthy
SN01-0269,LOT-A,32.078667951337245,4.64348721125072,8.055386566191888,32.40102577838304,4.92192043850145,8.181993302250094,0.5058602271490399,0,healthy
SN01-0270,LOT-A,19.61862313113261,10.018165088958698,9.214595002843613,19.932843207678523,11.0844027217648,9.343161200622243,0.48625004607520944,0,healthy
SN01-0271,LOT-A,17.570339945342635,8.056889645465596,8.496049627217392,18.794157855104874,8.311426660253451,8.530033825726262,0.5225906491522864,0,healthy
SN01-0272,LOT-A,14.51793993446155,9.467945100607867,9.16732920651096,14.712484045984697,9.842069190481094,9.203998523337004,0.6602482605345367,0,healthy
SN01-0273,LOT-A,27.17947478454589,10.96592619194318,8.098060092408105,28.601240852180958,11.565904169145389,8.132748607213829,0.6389316784010217,0,healthy
SN01-0274,LOT-A,33.87419853441896,11.245587298958249,8.629811527341097,36.01347910924202,11.595133670903177,8.664330773450462,0.5118644945832646,0,healthy
SN01-0275,LOT-A,18.449898301109123,5.115080750744938,8.891170569957513,19.022935141708594,5.425413066693113,8.926735252237343,0.8916183292202208,0,healthy
SN01-0276,LOT-A,48.60296512733409,11.7393385104063,8.655021183134629,50.859022704636615,12.089387668154986,8.87736668762312,0.25354006180775257,0,healthy
SN01-0277,LOT-A,58.64943910669626,14.263488359392214,8.038277520555871,63.467691132947785,15.5347973984917,8.09136062808236,0.3582879115179705,0,healthy
SN01-0278,LOT-A,16.399112630505844,7.475191046245606,8.58437150476868,17.02228497462866,8.21231342228983,8.74320924969775,0.23431394408151313,0,healthy
SN02-0001,LOT-B,12.286553438548083,5.051462859273941,9.177938917468467,12.995632656225451,5.127040090460926,9.24183483613118,0.9222711472361591,0,healthy
SN02-0002,LOT-B,17.180724180291556,5.586086099124745,9.516618424364687,17.81364747711477,5.724776602266774,9.561197445785348,0.857434556479332,0,healthy
SN02-0003,LOT-B,11.960075474615273,6.372305480653613,9.565601259347051,13.374651850510551,6.618528428360956,9.791541372378243,0.31382265138109633,0,healthy
SN02-0004,LOT-B,15.046423925877752,5.388374292007801,9.75005208700601,15.326730215616426,5.562910938385888,9.868236042217585,0.6014140564881133,0,healthy
SN02-0005,LOT-B,20.09759136445281,2.418966320213324,9.833134018944715,21.40460045516611,2.522748701531878,9.954585827607048,0.5798336972812942,0,healthy
SN02-0006,LOT-B,19.757928744349098,8.813490333532455,9.752641667019113,21.06840122331622,9.431325721207589,9.92129737694483,0.7765813066347508,0,healthy
SN02-0007,LOT-B,17.822197528111904,7.481606618649488,9.78275757033128,18.33381781032605,8.210640780892806,9.896907295937877,0.6362503729328348,0,healthy
SN02-0008,LOT-B,21.661343835869374,8.700553782113916,9.506540707994013,23.01268282136221,8.958167291588097,9.579312492100351,0.31421989401427824,0,healthy
SN02-0009,LOT-B,13.364737242183345,8.00305864680385,9.167080206349459,14.188254469244807,8.266825549511962,9.29855308547024,0.6942966747589201,0,healthy
SN02-0010,LOT-B,16.752107274605596,4.294075418225941,9.82348934338031,17.44888367613345,4.399907556230502,9.925409291999403,0.4981219043774642,0,healthy
SN02-0011,LOT-B,17.75144547529003,7.174658781646594,9.939321994215202,18.9509731758134,7.707126622759236,10.137516347707535,0.7628858440834774,0,healthy
SN02-0012,LOT-B,27.026370622421386,12.116370325235556,9.778981804504623,37.799815974785744,18.601710580958827,10.43762066612901,0.7770105786610826,1,multivariate_latent
SN02-0013,LOT-B,13.27456059237388,6.750635227968983,9.699956097961275,13.919577500882621,7.030975397007888,9.977304699585833,0.7758782222111785,0,healthy
SN02-0014,LOT-B,25.197999707794935,7.643053655988925,9.917303651269652,27.397735674703537,8.630250619663927,10.223032523758734,0.8910025095349147,0,healthy
SN02-0015,LOT-B,28.427696532588826,10.836702336299672,8.721453356886743,29.682764770454305,11.25477656281073,8.859218130354362,0.5910859290761717,0,healthy
SN02-0016,LOT-B,16.53804138006463,23.866854916555134,10.86921152975519,17.181728755583748,25.990137046653597,10.930114704395418,0.9313476462983641,1,single_parameter_outlier
SN02-0017,LOT-B,21.814886694587106,36.168059023449906,9.552837403644338,24.2741951304523,40.1616742618351,9.661761244299777,0.8208763961254119,1,single_parameter_outlier
SN02-0018,LOT-B,20.472529594940248,5.593054051006123,9.253158763994287,22.030191054197253,5.748019154637822,9.404508916215885,0.4436395499557725,0,healthy
SN02-0019,LOT-B,23.123142226439565,46.23884133446613,9.552837403644338,24.156118068505037,46.423796699803994,9.775504697866142,0.90714427201792,1,single_parameter_outlier
SN02-0020,LOT-B,14.229940384412014,9.775090017671813,10.9333540587137,14.754931930842636,10.058834221101241,11.266256779119155,0.7176741854297412,0,healthy
SN02-0021,LOT-B,12.824286647866483,6.095849507973771,9.818395224783883,13.296329390145571,6.6824399163445305,10.076561780557567,0.9045559179283365,0,healthy
SN02-0022,LOT-B,15.759761788874187,9.710429092395426,9.236752522609953,16.62481576555381,10.030602846593741,9.35328404377636,0.8591939172379035,0,healthy
SN02-0023,LOT-B,22.386478841251765,6.251565270759735,9.343916625721263,24.15792751673338,6.44941758271615,9.630032718124232,0.5436080338650762,0,healthy
SN02-0024,LOT-B,18.19340682088274,5.891967795542353,10.162965945564903,19.262741312455766,5.986831239623133,10.344015647841228,0.4907446799852149,0,healthy
SN02-0025,LOT-B,31.655546184146967,10.34933620818106,8.908035863322546,32.78446234294166,10.53124659415967,9.031739968250047,0.6845644977029585,0,healthy
SN02-0026,LOT-B,10.217839900497127,2.0696201392274785,10.235398296427759,10.660802845968185,2.15478961757333,10.415354361656881,0.5163025116370421,0,healthy
SN02-0027,LOT-B,16.53804138006463,20.96098730418046,9.552837403644338,19.286098271688157,23.358511565988927,9.782597050255944,0.5047517646625005,1,single_parameter_outlier
SN02-0028,LOT-B,37.15111804495313,19.391492392310425,8.719488331134732,38.23182556305788,19.94707930462031,8.787051608134055,0.5466708310747379,0,healthy
SN02-0029,LOT-B,18.858480080209798,6.111492997564353,9.663794156066128,20.165273728049197,6.332958778839265,9.754382451959144,0.6273377489035671,0,healthy
SN02-0030,LOT-B,20.460171945823557,5.3316354751919395,9.798917640450371,21.08104277420523,5.777676468305383,10.02847950847901,0.8687684076579499,0,healthy
SN02-0031,LOT-B,16.53804138006463,19.757314245004803,10.174710479838732,17.416062231905283,21.32284790292168,10.365373887905214,0.6879604693803062,1,single_parameter_outlier
SN02-0032,LOT-B,32.03921140256359,11.300134518078417,9.757090538190006,49.32917268902334,20.910866418944906,10.57296622426022,0.3193794362582341,1,multivariate_latent
SN02-0033,LOT-B,11.232866583487816,6.015031650239591,10.245200259064392,11.590278902954644,6.161554639856791,10.348747428606844,0.8298250549362153,0,healthy
SN02-0034,LOT-B,19.26913743827419,3.954735763946038,9.034810221090016,20.906660549551038,4.103248416431882,9.173304062544581,0.6125661714156735,0,healthy
SN02-0035,LOT-B,26.38425763230397,8.653716579655452,9.65301197738931,26.638294362869114,9.227770452561941,9.744847487373749,0.5889649419522366,0,healthy
SN02-0036,LOT-B,23.928894524927536,4.985438061178986,9.310865092060325,24.909756024815554,5.117245150075349,9.403768996432515,0.5344152678471739,0,healthy
SN02-0037,LOT-B,17.23418835250322,3.4034351198873565,9.417201779215064,18.187273223169093,3.5045795978801233,9.555791470612307,0.8005287770048943,0,healthy
SN02-0038,LOT-B,15.824558969083892,9.311063261964357,9.140139959571982,18.40906585887262,9.603905436857465,9.231319301318358,0.5820860495605046,0,healthy
SN02-0039,LOT-B,24.02516313031685,9.190460700883465,9.656314994009808,24.713944172345297,9.365931938954281,9.89644480859349,0.2825051419338452,0,healthy
SN02-0040,LOT-B,17.142564877584128,5.8251512798999014,10.457140345253363,18.288726993689036,6.066802244017157,10.615583534484918,0.7711867414759145,0,healthy
SN02-0041,LOT-B,15.758922677264092,5.14199487975301,10.031267525879347,17.03382766163933,5.308811977572241,10.086450392291242,0.3877094763456343,0,healthy
SN02-0042,LOT-B,16.79872108763387,5.051177217251271,9.427661385855206,17.54597725062602,5.5040477228739935,9.513692142539291,0.5612434995058538,0,healthy
SN02-0043,LOT-B,23.953016241101373,3.4767005934137614,10.104742107216179,24.93470365195127,3.696117867531931,10.340802043459338,0.7828873138807485,0,healthy
SN02-0044,LOT-B,76.06908684039816,5.97705169160105,9.58485137594705,87.28873636553426,6.715728276565133,9.663127739666184,0.6153188458588881,1,single_parameter_outlier
SN02-0045,LOT-B,19.21895514560895,5.625814452079285,10.528294011194546,19.90907039540164,5.875218144223156,10.577322945404886,0.5507255006804557,0,healthy
SN02-0046,LOT-B,12.65466510876206,8.905941309725694,9.931453729902563,13.445260345887698,9.36326362587321,10.042097042534438,0.8037416304175578,0,healthy
SN02-0047,LOT-B,18.351602976188,9.943207388170833,9.514393280298798,20.738953330177264,10.296921061458384,9.681578482710634,0.9039501572524256,0,healthy
SN02-0048,LOT-B,28.12697803561794,7.371416964865294,9.28368633051084,30.505869118434614,7.878532013172461,9.390259038014324,0.8009585690815331,0,healthy
SN02-0049,LOT-B,14.027628840854675,6.241965159303837,9.485690471901862,14.655133063933988,6.526625699825251,9.589328504382507,0.6358334020869906,0,healthy
SN02-0050,LOT-B,16.769283774990136,8.312821648324508,9.959671689961192,17.47556856795664,8.699950415826148,10.193658103520454,0.7548760888305021,0,healthy
SN02-0051,LOT-B,23.1146819210475,8.950407170614506,9.856901717285586,25.51686861536133,9.294473585837384,9.973489956325315,0.85555784647242,0,healthy
SN02-0052,LOT-B,17.330616058489017,5.175329219748043,9.657777932007633,19.17850290505106,5.5301614584207766,9.819672508469075,0.4546559356558362,0,healthy
SN02-0053,LOT-B,23.368502850563146,8.414230315295434,8.529732251884438,24.339562500116568,8.837232315927752,8.912002754753455,0.6436191719446244,0,healthy
SN02-0054,LOT-B,13.428788283604858,3.169787772032522,10.643009570608456,14.80054706248924,3.281599805331887,10.84686901710899,0.6870769995927277,0,healthy
SN02-0055,LOT-B,10.53683087072642,2.8906132565530847,10.05708533601414,11.934074719654877,3.0015061852061775,10.204299544150446,0.7706513633756874,0,healthy
SN02-0056,LOT-B,25.877668031780143,7.021731918081254,9.443000212167414,28.484098002538605,7.644724663136099,9.56178599817891,0.9122849959139941,0,healthy
SN02-0057,LOT-B,34.56185533223287,3.9543681623374116,10.054119842783571,36.51126503027942,4.623735349010151,10.314361881929552,0.6010980974889749,0,healthy
SN02-0058,LOT-B,24.450278723871293,10.036971079894093,9.038540922819971,25.148443296667892,10.251928062531398,9.322169595047509,0.8307270820592149,0,healthy
SN02-0059,LOT-B,14.879274565848254,4.295289632544046,9.705415146177021,15.768347759940703,4.567356542672163,9.75645038520049,0.6794581697525582,0,healthy
SN02-0060,LOT-B,14.01567929873638,7.257687808967924,9.36499617647171,14.950899843352607,7.39416902843857,9.412864096248473,0.7289420060019747,0,healthy
SN02-0061,LOT-B,18.079630589695686,12.44360027448463,10.015255963046092,18.578988840995386,13.203172693553592,10.139708631789931,0.7337859857959493,0,healthy
SN02-0062,LOT-B,16.78257589259788,6.251893747102902,9.511886444311024,17.781688500664472,6.349964934442151,9.680498359769846,0.4712461451186785,0,healthy
SN02-0063,LOT-B,16.284161947134482,8.967184047746697,9.017133883712763,18.57183563078143,9.370292424888405,9.061892050625962,0.6019111014460549,0,healthy
SN02-0064,LOT-B,17.604064673315147,4.013685120226658,9.261333451498313,19.379978633386692,4.099497497946032,9.401619526039166,0.43397393110037397,0,healthy
SN02-0065,LOT-B,19.655062638676196,3.8734859486397255,10.185771955113642,20.22090716112267,3.970644597869627,10.242049975043125,0.7595673116515417,0,healthy
SN02-0066,LOT-B,27.507666376110723,7.732958132924102,8.843053526185097,28.682010653808813,8.22115041123557,9.047827668942547,0.8207345149663291,0,healthy
SN02-0067,LOT-B,11.270224820983053,5.89680306632899,9.479754463449453,11.847972221151732,5.997026526900212,9.585751675926268,0.6400687129135498,0,healthy
SN02-0068,LOT-B,16.874292306802204,5.263414815053988,9.447675264030972,17.74995406023348,5.430987833704989,9.551062791798465,0.6185332917575543,0,healthy
SN02-0069,LOT-B,15.694150703045507,3.4802800046451203,10.592503737864227,16.858126439095678,3.5990370438411885,10.634873752815684,0.8345260672012837,0,healthy
SN02-0070,LOT-B,20.10952402980637,12.417006138866084,9.20965236213281,21.992509950569577,13.65224494065738,9.363223795473854,0.7374322756117558,0,healthy
SN02-0071,LOT-B,16.53804138006463,5.97705169160105,12.772696819804654,17.92387900575166,6.2996956718550505,13.863554939370374,0.8221243877275437,1,single_parameter_outlier
SN02-0072,LOT-B,29.496890230714886,9.258400299624514,9.6881033747269,36.59616303734044,10.886084882670959,9.815842961036156,0.6616829532482879,1,multivariate_latent
SN02-0073,LOT-B,21.880518733039615,8.29975993698018,9.919177732186474,23.037257236544036,8.534860592483026,10.253042644835787,0.8227982556543062,0,healthy
SN02-0074,LOT-B,8.549957414076456,4.877629560126395,10.221099623256956,9.107067601713885,5.4786463501903135,10.521600999469678,0.7563417420499653,0,healthy
SN02-0075,LOT-B,10.310524687868199,5.749624074237301,9.005925708803014,10.76345087047776,5.990963900452275,9.081237475368793,0.6160832483119528,0,healthy
SN02-0076,LOT-B,12.707798472561514,4.64018908254652,9.896111753804265,14.039438126458117,4.818078575285286,10.588758137196075,0.5492837089488594,0,healthy
SN02-0077,LOT-B,20.86821538724198,9.859213635410415,9.720616929682167,23.35461805647105,10.235021576771468,9.83133098548692,0.7117563762256285,0,healthy
SN02-0078,LOT-B,14.333434236949074,7.71565503498647,9.560604046780819,15.999106370176712,8.04044603842369,9.846637119566239,0.6466311581458116,0,healthy
SN02-0079,LOT-B,16.332112578081603,6.2302328141108525,9.428453775843995,17.247349918182877,6.368960701278352,9.466167590947371,0.6033490939069488,0,healthy
SN02-0080,LOT-B,23.462006557019727,7.691840378431281,9.752213793645863,24.76620376512544,7.805130047745587,9.810371405201012,0.8670018994663196,0,healthy
SN02-0081,LOT-B,18.942992093475546,6.222062229470073,9.227414433333482,19.913892667225316,6.4140578611763255,9.2960787175985,0.788002811600296,0,healthy
SN02-0082,LOT-B,20.193549263608077,7.8654149267686675,10.223687727728198,20.678427531365024,8.392690302468301,10.367240935668818,0.8129790139034424,0,healthy
SN02-0083,LOT-B,12.517896815521533,4.9555331808232905,10.269538114671418,13.98246630922834,5.131033219223911,10.370480140915573,0.24531458984968835,0,healthy
SN02-0084,LOT-B,18.44721594338943,9.09781733849692,8.902909950040591,19.475514298238856,9.437524657496382,8.986847124114341,0.8052419259278862,0,healthy
SN02-0085,LOT-B,19.491471305144863,6.974531169440865,9.534361776657558,21.109665502887967,7.355443937172462,9.820200965701424,0.6478138386135245,0,healthy
SN02-0086,LOT-B,12.817914767767133,2.67915192171966,8.891916142927158,13.765495720467532,3.0015922952256813,8.961767366863358,0.7756850806718245,0,healthy
SN02-0087,LOT-B,15.926555922683859,5.189974972666519,9.812185336924749,16.589857934789396,5.395578269951343,9.929124249290686,0.35178546217747686,0,healthy
SN02-0088,LOT-B,63.16204263920373,6.297645552415694,9.552837403644338,70.14503346514911,6.992028531035617,9.88146958656454,0.5623852510714322,1,single_parameter_outlier
SN02-0089,LOT-B,18.635640309432993,12.893931832121474,9.412083815499471,20.52717666145649,13.201756802477338,9.44973215076147,0.679012887404053,0,healthy
SN02-0090,LOT-B,19.921573733716777,4.62608205383927,9.989734336561629,21.39403290809308,4.822783379249899,10.156764799562946,0.6864483768534644,0,healthy
SN02-0091,LOT-B,19.335593442574613,14.909744586193975,9.242287000175788,20.00170619104752,15.305851026513542,9.3356937308188,0.6606724862789175,0,healthy
SN02-0092,LOT-B,17.079159929587906,4.415158926817791,10.675561011924383,18.380288859332087,4.594297284774364,10.979203074349362,0.8462250961479724,0,healthy
SN02-0093,LOT-B,22.640833647585573,7.878329886803935,9.549172189338803,25.034736042217908,8.24987798799624,9.825409395502561,0.6026264462404965,0,healthy
SN02-0094,LOT-B,21.83315015800453,3.4423460986372127,11.68617270272836,24.44688269063984,3.7587111270375053,11.752288890656576,0.685785972015356,0,healthy
SN02-0095,LOT-B,20.36565499220891,7.774420537668683,9.302189034693297,21.152842223414144,8.086414192402145,9.41074088188586,0.5051567709986707,0,healthy
SN02-0096,LOT-B,11.61688833533308,5.919514309183984,9.448482637516209,13.349254880554428,6.240297607973645,9.55187114776171,0.754451107296296,0,healthy
SN02-0097,LOT-B,16.165834374912667,6.021609441726959,9.327547393400671,17.061454370056857,6.299619484241933,9.442024678571396,0.7907313088153598,0,healthy
SN02-0098,LOT-B,13.557646448031306,8.283378986621504,9.308347306379288,14.355288417877079,8.525714800464323,9.358550633816956,0.7477522174600199,0,healthy
SN02-0099,LOT-B,17.911348383212864,11.211171769183627,9.3868750899558,18.628497326172003,12.318136667777972,9.538599834393507,0.7479943700052313,0,healthy
SN02-0100,LOT-B,16.73385346997365,3.982627649550301,9.337637486084002,19.136467445432107,4.26524363531966,9.496016264755573,0.8027524986662493,0,healthy
SN02-0101,LOT-B,20.55080386369372,3.7313073490276323,9.74090397844391,22.66498859323657,3.953229432042532,10.024384696646786,0.7139643162100398,0,healthy
SN02-0102,LOT-B,9.293362901400329,4.069500348614337,10.208893089492303,9.557769932120332,4.150127193079271,10.341887088494962,0.8419390818332919,0,healthy
SN02-0103,LOT-B,15.494466375971184,3.984324908920751,9.946694529502379,16.379312718677863,4.123716437746916,10.099466227156707,0.5682665144573755,0,healthy
SN02-0104,LOT-B,20.470367777502954,9.383852190674737,9.83026446789114,26.47656518720789,9.922559625952,10.064086140860278,0.4412869534534929,0,healthy
SN02-0105,LOT-B,27.617284672736435,39.99168392378676,9.552837403644338,30.148127984767928,46.12415359747361,9.632507065863422,0.6536328125147759,1,single_parameter_outlier
SN02-0106,LOT-B,24.51293313411017,12.301791451453095,9.775447326484999,25.46269227099352,12.955644589616352,9.925193259520821,0.9118037128828447,0,healthy
SN02-0107,LOT-B,15.25425633837458,4.211336972326228,9.949901218998699,15.650178746320506,4.464599291728369,10.00462749326609,0.42972560003417815,0,healthy
SN02-0108,LOT-B,21.347220287408497,8.298590637660636,10.05001753274515,23.525546370763223,8.390627468089791,10.331880921714827,0.941310411998974,0,healthy
SN02-0109,LOT-B,14.988852265768434,3.361390400704088,9.451359116918594,17.03124314491361,3.5691921633926356,9.580162572802099,0.5385291934139191,0,healthy
SN02-0110,LOT-B,11.420633344808307,5.397642436607276,9.15789621227327,13.089622773138295,5.929924238395284,9.27083371040072,0.6658031257146609,0,healthy
SN02-0111,LOT-B,15.088969524217802,7.515024697855383,9.447160182897177,16.378186857083943,7.780322300450523,9.650756351368795,0.619281624204062,0,healthy
SN02-0112,LOT-B,17.456840508831053,9.418323753713194,9.512568266888831,19.339694684265076,10.032224082621482,9.648565321648979,0.8104062017543634,0,healthy
SN02-0113,LOT-B,13.76371476458352,5.620700613226893,10.350564995819903,14.501475711132226,6.113937794703254,10.545497353522423,0.7878822868237888,0,healthy
SN02-0114,LOT-B,18.171468854809266,6.084999412964253,9.331918780393545,18.948437084064043,6.278788988296671,9.450191019471935,0.6357386005571316,0,healthy
SN02-0115,LOT-B,20.297079032800326,6.960549346655407,9.279657047898727,21.705974981363237,7.231424993437199,9.316775676090321,0.865158250084235,0,healthy
SN02-0116,LOT-B,15.570255791382905,7.759874820230691,9.734391488020945,17.69714802327756,7.9375612881147,9.920818075166125,0.9140901405708889,0,healthy
SN02-0117,LOT-B,16.419724702049514,8.759449418719624,9.903786446022352,17.240103242350152,9.365988822770436,9.958193270316126,0.7922864561696698,0,healthy
SN02-0118,LOT-B,16.713212001990147,7.878302392629223,9.168882558744977,17.378197702437696,8.39434654289813,9.298271760555064,0.6639095188368473,0,healthy
SN02-0119,LOT-B,18.346271511998648,5.244346963691335,9.639324376189364,19.407927399842585,5.514026757456127,9.69521517599465,0.7238833412711999,0,healthy
SN02-0120,LOT-B,17.99960867643436,6.007006753190981,9.058154545038635,18.500481278517146,6.2443175816968175,9.254143508387743,0.6104689335094063,0,healthy
SN02-0121,LOT-B,12.155931856006726,4.874317577396795,9.4651198784426,12.489572568931807,5.1604588361692905,9.546013379113257,0.5410364057032899,0,healthy
SN02-0122,LOT-B,17.421839291455864,7.530154203215846,9.975722787293309,19.15547285711221,7.915996358710845,10.244761039671095,0.44755372253508485,0,healthy
SN02-0123,LOT-B,14.769828887773995,11.141491580683075,9.380984274757354,15.107514939258728,11.440825192586153,9.50143443181406,0.620048125456935,0,healthy
SN02-0124,LOT-B,25.588871956623038,8.242185892453838,10.159474804088967,36.310627812707416,11.714642042143526,10.570772723042356,0.5711717539144697,1,multivariate_latent
SN02-0125,LOT-B,16.53804138006463,18.508083534936866,10.790085288160736,18.02086957602789,19.95727660247083,10.916004344175699,0.8208578960789223,1,single_parameter_outlier
SN02-0126,LOT-B,16.379829360096004,5.931517244406863,9.65291380292431,18.903172744516976,6.104418552733275,9.890829541398794,0.8252383428158151,0,healthy
SN02-0127,LOT-B,24.758525381248248,6.595861409655162,10.149826324633043,26.388531244496825,6.814343914565422,10.463609652221242,0.6360235879019731,0,healthy
SN02-0128,LOT-B,13.863040976231158,4.98865939519,10.174164657950241,16.85254298966652,5.1111781414404565,10.373858753092305,0.5464222270815657,0,healthy
SN02-0129,LOT-B,14.454326203513954,5.597380998049715,10.300999553445452,16.04259008672008,5.8881113879125255,10.479310569281502,0.5971217139752554,0,healthy
SN02-0130,LOT-B,27.821682482366015,10.0755075153709,8.79591524678362,29.989563789663848,10.513722379644433,8.876898738031185,0.9747079781710178,0,healthy
SN02-0131,LOT-B,23.443534675523647,7.869393653278785,10.52117317064882,24.4591626957324,8.110519023069164,10.67044575976199,0.5130052904800698,0,healthy
SN02-0132,LOT-B,11.251778090725036,4.017943170354361,10.458256440075196,11.511912540387213,4.293578981015183,10.673993095148019,0.8285523915178897,0,healthy
SN02-0133,LOT-B,13.23228312532757,7.52273946049089,9.590443165010674,14.662409457550577,7.636853467621991,9.797027629439834,0.6157781548456691,0,healthy
SN02-0134,LOT-B,55.95777245886909,5.97705169160105,10.786386460382516,64.6735614008348,6.910063916733833,11.003667217773614,0.8582768535949867,1,single_parameter_outlier
SN02-0135,LOT-B,20.167383512744824,11.433869934524658,9.47322578475467,21.598479346034104,12.1005685346474,9.53597831432277,0.3997583146085509,0,healthy
SN02-0136,LOT-B,13.408423611692195,3.4953074336026106,10.497972276241612,14.209787404247452,3.6735659370061438,10.770738107519577,0.6254979416021783,0,healthy
SN02-0137,LOT-B,9.385519398598172,5.428782731055476,10.304910249362633,9.754865784399042,5.543553724554359,10.426290696594712,0.8021991790222381,0,healthy
SN02-0138,LOT-B,15.374418508173221,7.978725066202043,9.762699365636523,16.008970928226788,8.495276542868945,9.80541736089043,0.5351338198283261,0,healthy
SN02-0139,LOT-B,17.083002002162758,5.636569225170181,9.061817909128823,19.11621733453838,5.8684649103034765,9.329198598736367,0.672287826986181,0,healthy
SN02-0140,LOT-B,23.135862756044173,42.305132238086095,9.703127200894624,25.594717844237685,46.977517338955636,9.86911936655562,0.4047923329033247,1,single_parameter_outlier
SN02-0141,LOT-B,10.307060914785287,4.878999011702207,10.085927682008613,10.706237605095787,4.962861834201468,10.268010756630119,0.3858437705381136,0,healthy
SN02-0142,LOT-B,16.801480117816944,7.064038077119815,9.440884184798565,17.743180462515213,7.452375322624942,9.55044266778728,0.7631018485037859,0,healthy
SN02-0143,LOT-B,16.314968590306655,6.756224562029946,9.612216731030188,16.89235235091136,7.140475275841208,9.815632662768085,0.766662371499843,0,healthy
SN02-0144,LOT-B,20.39406440256917,10.899741251728193,9.14576147848723,22.43920612463525,11.397418762044424,9.22232259911915,0.7277616850954763,0,healthy
SN02-0145,LOT-B,17.593072754374603,3.1083710674265133,9.887728804598984,18.383038920013863,3.305359220672053,9.942455792679086,0.7446798235600834,0,healthy
SN02-0146,LOT-B,25.74014179034314,3.028629912162343,10.414755873288088,26.344881551949232,3.2619752022907273,10.613829201693402,0.8462087338960862,0,healthy
SN02-0147,LOT-B,11.953618705028235,6.72598965971913,10.276958633923464,12.714825084761047,6.952321912995681,10.318066468459158,0.7455342063746178,0,healthy
SN02-0148,LOT-B,22.75720436049267,7.431723704077142,9.085635507002767,24.276829478771,7.997825503036871,9.164251592523968,0.7322118559902285,0,healthy
SN02-0149,LOT-B,13.557760469284258,3.8199590967943076,10.410983148702709,15.38895605617306,4.053477688580523,10.575929186493168,0.4890818932912372,0,healthy
SN02-0150,LOT-B,17.35716276560082,4.610280377157845,9.724950294024634,18.657487569511147,4.843278003279463,9.974090160376873,0.7015251945135353,0,healthy
SN02-0151,LOT-B,16.12345596287108,10.34777498453855,9.391756605371151,16.978470884605134,10.846929757228775,9.483881744140751,0.40118670292277553,0,healthy
SN02-0152,LOT-B,33.87618370814998,13.943828500600437,8.365212384745172,41.46791017877343,14.791759551165134,8.404083794499826,0.51267391205774,0,healthy
SN02-0153,LOT-B,15.132317592547581,8.697506999673005,8.891208484407363,16.08484037838668,8.764643211872768,8.93442566236766,0.47471856978976096,0,healthy
SN02-0154,LOT-B,25.417117315612064,7.61386408893384,9.035807118988258,27.88518747760251,7.974037755449932,9.211490167935056,0.35782072416145877,0,healthy
SN02-0155,LOT-B,19.544039995404518,5.9247699358692545,8.53342587482637,20.214152550843316,6.049143496624798,8.638752744016955,0.6844772113772891,0,healthy
SN02-0156,LOT-B,16.092541335237655,4.737632240656596,10.648856757818201,17.50525470111804,5.192651972581786,10.832545174272617,0.7325955461509359,0,healthy
SN02-0157,LOT-B,25.323686484667988,10.731310323945138,9.862420148982624,25.886467491626863,11.518002025097266,10.03724566594317,0.361650165571087,0,healthy
SN02-0158,LOT-B,17.269455298183054,5.978688486913404,9.716941095415674,18.00634902300772,6.364697941602725,9.844236458016661,0.580296073799536,0,healthy
SN02-0159,LOT-B,17.070543245066553,7.707209239450076,8.406469948425961,17.76562756336708,8.049777129843516,8.492991998844287,0.6564676147685565,0,healthy
SN02-0160,LOT-B,20.478378245800435,6.363434287263769,8.790612558518553,21.293692074588673,6.499531984063959,8.896303903813566,0.4683558010187035,0,healthy
SN02-0161,LOT-B,9.852126363816426,4.940344842522236,10.27698658761462,10.819639293105023,5.057365045609379,10.434542473662741,0.8175592299720796,0,healthy
SN02-0162,LOT-B,18.351271299182496,7.072479190733186,10.732061464149087,19.028743048610902,7.666142432362455,10.774989710005684,0.8823513812745228,0,healthy
SN02-0163,LOT-B,32.62607496043256,10.375389789737008,9.794086493793282,52.65641542974552,17.470851559946393,10.617205756569723,0.627853051325367,1,multivariate_latent
SN02-0164,LOT-B,19.02567690500205,10.410531441626473,9.667431636089942,22.558926545827397,10.613174346506058,9.761177704541407,0.6843982515140479,0,healthy
SN02-0165,LOT-B,12.289647254736554,6.5309003808319845,9.911086199869969,13.321107428867448,7.235397982236802,10.07911628993298,0.6689684983248865,0,healthy
SN02-0166,LOT-B,19.642406584875697,6.450811759836897,9.565909117965015,21.75868154749386,7.060480884602521,9.825828984687162,0.5315468241166582,0,healthy
SN02-0167,LOT-B,9.430548651040981,4.314859292638214,10.50744590400979,10.634951165942859,5.028152839424311,10.87976867328333,0.5120828283155058,0,healthy
SN02-0168,LOT-B,18.776239669842134,5.834291283048421,9.454086778116107,19.471018963724564,6.100841308584906,9.584944682982702,0.2679759006241037,0,healthy
SN02-0169,LOT-B,12.352622165153083,5.054201423287815,9.527291084668066,13.35476210278825,5.459304234043105,9.623097591266015,0.8427276080119515,0,healthy
SN02-0170,LOT-B,30.77991454079262,10.008068322676298,10.711766946215263,51.4938270964724,15.691988305049133,11.3355246463994,0.7313908758306146,1,multivariate_latent
SN02-0171,LOT-B,16.86040515859984,9.496954336441888,9.597307694078818,17.748159859617513,9.700597317851212,9.687857281577836,0.9360560650287558,0,healthy
SN02-0172,LOT-B,10.530933665259383,7.285194277110964,10.556340304906406,10.913450835030181,7.620464868610078,10.664292949213298,0.5636182036364997,0,healthy
SN02-0173,LOT-B,19.584175480070606,10.879902010081665,9.038074002888177,20.506303793099494,11.733299638718105,9.178653511479306,0.5303362007664753,0,healthy
SN02-0174,LOT-B,11.70906456736111,4.515536161754552,10.62087339584498,13.117105070058098,4.749557041423293,10.951874963612234,0.7322287858025933,0,healthy
SN02-0175,LOT-B,23.217345449241193,7.9728731011544784,9.681169514039363,26.075738114030518,8.324669263216792,9.835533774160607,0.45695851553297373,0,healthy
SN02-0176,LOT-B,15.410860818830495,6.3792745355781175,9.913769342854994,16.1978611110159,6.588614030240397,10.132084020403182,0.8382751230855192,0,healthy
SN02-0177,LOT-B,17.601564263322093,4.1629509331482915,9.488392650810784,18.04419259265136,4.238359620118028,9.591988260459894,0.721557692747554,0,healthy
SN02-0178,LOT-B,18.48499855261385,6.354928407991353,9.456556718253868,19.14340107369436,6.880812832367078,9.638293391592478,0.497477042436911,0,healthy
SN02-0179,LOT-B,16.724355887787006,14.951089838002027,9.374663717240054,17.827805802874806,16.203505252476578,9.51429353850506,0.5062933100375712,0,healthy
SN02-0180,LOT-B,12.07494256560817,6.280526449553572,9.6068228965867,12.84165310546513,6.552622351363624,9.786354401980006,0.5725099706676903,0,healthy
SN02-0181,LOT-B,17.82312445447268,7.142878500148352,10.09367681708076,18.7662623458658,7.379031706527496,10.146981662021464,0.5768524608257363,0,healthy
SN02-0182,LOT-B,14.721680995689095,6.322614024184203,9.365855492509212,15.54241697654556,6.558010480657555,9.443811807885623,0.37736327892881616,0,healthy
SN02-0183,LOT-B,25.134327989549295,9.132166483347046,9.685707811105097,36.485667962589886,13.400396131795139,9.94215001084227,0.9686602878268978,1,multivariate_latent
SN02-0184,LOT-B,19.110068038427553,7.938863814647189,8.87469742074148,20.773394579052482,8.88539604100234,9.11250871021229,0.47782807880912764,0,healthy
SN02-0185,LOT-B,20.86425601380619,12.759811060017542,8.738092691558714,22.8317453376043,13.142021223134554,8.952138181858732,0.6953365718325826,0,healthy
SN02-0186,LOT-B,13.124626022621658,9.444344012092065,9.923766870236042,14.16091006712394,10.034744409596778,10.208715675742978,0.5692687303397862,0,healthy
SN02-0187,LOT-B,17.85044726071765,10.311075321708918,8.954899681815263,19.709639217207513,11.069353772755154,9.037532103062606,0.39202528823628024,0,healthy
SN02-0188,LOT-B,8.549173107736168,2.8621402332065364,10.968519316234849,9.265559109373033,3.056176240828315,11.113472039504687,0.28512728466724796,0,healthy
SN02-0189,LOT-B,19.218097752401274,4.525465880385505,10.041633253631248,19.815337735485194,4.922774930520237,10.222700261940501,0.8678751561687014,0,healthy
SN02-0190,LOT-B,18.84581657285031,4.437629876703798,9.667416402263118,19.74587244603796,4.737427814263418,9.92792446788342,0.6363533931101818,0,healthy
SN02-0191,LOT-B,11.968342911499034,2.7447084172101883,10.24078423957533,13.48630415579572,2.909039728524532,10.777478980457891,0.4956291155208022,0,healthy
SN02-0192,LOT-B,27.776149868960196,8.183448365233522,9.007511707633338,31.589663519079476,8.854841210386732,9.227357964203515,0.7513089236669257,0,healthy
SN02-0193,LOT-B,21.004816384798147,13.673886205459807,7.7054968823026755,22.985753203213434,14.412452483482987,7.882537110988107,0.8484222846595879,0,healthy
SN02-0194,LOT-B,15.618132422260292,6.377280984887575,9.35696561279984,16.06647405385321,6.543054058716267,9.547678762638027,0.5016285963925307,0,healthy
SN02-0195,LOT-B,94.53721794347057,6.1417610791447,9.552837403644338,94.91536681524445,6.426790774159359,9.69921888221266,0.6105454112112924,1,single_parameter_outlier
SN02-0196,LOT-B,19.035199493313566,6.3773044626619,10.419794135389713,20.08039168054845,6.849500291940719,10.545305123819213,0.7842144108195116,0,healthy
SN02-0197,LOT-B,21.602373541252064,5.121085066840805,10.480274021177385,22.910729660343573,5.301830570599551,10.531543698990781,0.7235662350235156,0,healthy
SN02-0198,LOT-B,14.445515367523255,3.211742812767785,9.266089256788723,15.136200331234564,3.2792003842941395,9.322528674416853,0.7126858265669219,0,healthy
SN02-0199,LOT-B,23.03875691158222,7.739929920849096,9.04615082083583,23.811853996783686,8.01740768440308,9.198659684110261,0.867915688971942,0,healthy
SN02-0200,LOT-B,14.750537075652838,4.811242482404119,9.029910317994858,15.289589549793911,5.037401424056163,9.139782464752066,0.34322158807752406,0,healthy
SN02-0201,LOT-B,15.517998859697991,5.006471206641028,10.399997925147982,15.80242020046069,5.125296764465126,10.647391266989025,0.4560694014527925,0,healthy
SN02-0202,LOT-B,21.42613329295613,8.83337267929971,10.291569591513506,25.21338135528744,10.793220837665052,10.590527399637146,0.16850438873487886,1,multivariate_latent
SN02-0203,LOT-B,19.26653640844597,4.139527387588811,9.741092334936576,20.43549284263056,4.395109086687746,10.055267253441844,0.9216875959201741,0,healthy
SN02-0204,LOT-B,13.60169811118007,2.207906449197874,10.21940032523341,16.565582713406553,2.383615384838198,10.326288402448332,0.829940663593137,0,healthy
SN02-0205,LOT-B,17.58929351667586,6.182818327036558,10.184912774916791,19.65485163077096,6.294738852012901,10.454292496700639,0.6428350501651529,0,healthy
SN02-0206,LOT-B,64.4992821861119,5.97705169160105,10.780721828145511,70.26795423403442,6.127420823584493,10.859015001071686,0.6587900264917861,1,single_parameter_outlier
SN02-0207,LOT-B,15.809311679257656,8.606441488984673,9.923877129104484,16.590710042070405,9.247581022619869,10.061240484777061,0.7668830066477618,0,healthy
SN02-0208,LOT-B,15.44447572056668,5.2815812328733545,10.031444622507905,15.787152157359102,5.416373960187415,10.116746152282941,0.8980413537159674,0,healthy
SN02-0209,LOT-B,22.638128266934398,4.7112300119385075,9.442704103442553,23.177302826831994,4.92291049258336,9.671945276328058,0.7098020690933952,0,healthy
SN02-0210,LOT-B,18.23271560985882,6.620275754628077,9.837845959076226,19.108652198096888,6.903751338784416,10.02710135495509,0.6150061552301125,0,healthy
SN02-0211,LOT-B,13.374151193782325,4.319627360846694,10.232126752616889,13.90750863773069,4.559400045432519,10.329119515716716,0.5993413368335339,0,healthy
SN02-0212,LOT-B,18.397123065013105,10.148206339006624,9.447278782697802,19.3131342286962,10.87425397760024,9.520347729623298,0.7423866726862257,0,healthy
SN02-0213,LOT-B,22.440002528458848,12.729963230094535,8.677625247864599,23.234773747490713,13.16793481750646,8.71878655770993,0.4915919831059668,0,healthy
SN02-0214,LOT-B,40.19175879508214,15.601443035723175,9.080808956687292,43.24552039765696,16.248194047051907,9.272392101470285,0.4420129150960857,0,healthy
SN02-0215,LOT-B,13.284384420402333,7.973443719705408,11.16440294178546,13.850927520975501,8.196102102814713,11.357171237821843,0.7547862995967053,0,healthy
SN02-0216,LOT-B,11.240279455296312,3.8268860794714565,9.783206954723084,11.882024799567787,4.240509828872479,10.011104148443495,0.7530514530488235,0,healthy
SN02-0217,LOT-B,27.958241322587558,10.585344281329407,10.384666683403076,49.04889922985891,16.913582039271727,10.974361357726082,0.3403818214351684,1,multivariate_latent
SN02-0218,LOT-B,16.53804138006463,7.202500435715455,13.50762397399519,17.11030042338074,7.478255601205965,13.802250224510804,0.7979045792759643,1,single_parameter_outlier
SN02-0219,LOT-B,28.11165973271616,11.06592779600347,9.392599317385383,28.666364576166135,11.910447583715019,9.46108050323453,0.5444489293458304,0,healthy
SN02-0220,LOT-B,17.271151866200686,7.407095308097127,9.311976860654681,18.664143575600534,7.638365045319479,9.386627438267015,0.7067128456295381,0,healthy
SN02-0221,LOT-B,17.034230413781028,12.023139118625709,10.49182100130093,17.73106876517921,12.825297116783538,10.616702520843655,0.4074622551127543,0,healthy
SN02-0222,LOT-B,22.80630613043621,8.46857261713078,9.436812839349463,23.365498640600354,9.226545159359578,9.545761098540897,0.346377400048842,0,healthy
SN02-0223,LOT-B,10.178410682729428,3.754778240332067,10.56775571389901,10.767733907050346,3.881033708740225,10.632931147066426,0.6699015651128969,0,healthy
SN02-0224,LOT-B,10.940296197002702,3.211206635373147,11.417885712802518,11.28686550466887,3.413762273972772,11.741899888012666,0.43736690266173,0,healthy
SN02-0225,LOT-B,15.882655939990162,10.108288734501166,9.766025253847978,18.938155201691103,11.04035023947923,9.957822409728447,0.3252058552420101,0,healthy
SN02-0226,LOT-B,17.18240352030606,8.417358797805539,9.545650399864927,17.97465274490257,9.285601766479758,9.704741816543208,0.5591034356724454,0,healthy
SN02-0227,LOT-B,22.633127700005815,9.825144543259162,8.726070251230517,24.934529999616423,10.175708232172521,8.835878904786604,0.7181706622105999,0,healthy
SN02-0228,LOT-B,11.983166773356675,4.643975420443339,10.047966265188228,13.005536654725233,4.964224272505582,10.088158130248981,0.31932058038318195,0,healthy
SN02-0229,LOT-B,16.724783017314994,7.205288881853299,9.124481897066909,17.345150332716976,7.518780714915612,9.2011889860679,0.8967986237641522,0,healthy
SN02-0230,LOT-B,17.662736711013128,6.09206117435176,10.032375794780034,18.625046713675182,6.216765340061501,10.146515769431597,0.826731421600026,0,healthy
SN02-0231,LOT-B,15.823731953582765,6.687222754913809,10.029486627924761,17.187525096498067,7.019675926183798,10.069604574436461,0.4568167338770193,0,healthy
SN02-0232,LOT-B,24.495097654424864,10.919586565080772,13.789619342441489,26.259792381602818,11.59301860777452,13.844777819811254,0.7263184709313254,1,single_parameter_outlier
SN02-0233,LOT-B,12.603681557049198,4.597038903827466,9.653478162344625,13.674710494753242,4.763042474044788,9.804658874805614,0.5611286309070831,0,healthy
SN02-0234,LOT-B,20.639728403641755,8.259919699622479,9.429646596760989,20.93444328100303,8.580177511006283,9.66873066467048,0.5937811258218906,0,healthy
SN02-0235,LOT-B,15.219049040403558,7.789371908435711,9.379257508352469,16.460522161626645,8.278315916834723,9.416774538385878,0.5223495941819549,0,healthy
SN02-0236,LOT-B,18.642419647574112,6.3476736938496705,9.642539919553002,19.2943475698563,6.545477467175762,9.753593812784752,0.6181108450636901,0,healthy
SN02-0237,LOT-B,25.263899881286523,10.864740442439933,10.681881224172127,31.489133834709197,13.08093339754574,10.920874126122436,0.8090697224041153,1,multivariate_latent
SN02-0238,LOT-B,30.302256131274692,6.751854791608702,8.788828858035805,33.495067153531494,7.058608005932444,9.086198660232641,0.7134592062952831,0,healthy
SN02-0239,LOT-B,19.282464058022846,6.687019781042266,10.08510032181203,20.649425419819007,6.94636103168718,10.188157266774008,0.4931770678274163,0,healthy
SN02-0240,LOT-B,26.65199186804876,8.069230826605587,8.565080926221945,28.46834739298164,8.40686407391592,8.76744225603788,0.6249820138952465,0,healthy
SN02-0241,LOT-B,13.316521633179375,6.111039524255819,9.804820384523921,14.718237046037434,6.752846613446085,9.922413709208735,0.9335695584240323,0,healthy
SN02-0242,LOT-B,16.104778415923757,11.54935598684169,8.923219708651203,17.440366169938272,12.2661508925186,9.040279943108468,0.3809703101282345,0,healthy
SN02-0243,LOT-B,22.836477370007316,9.513333832959473,10.30983912332118,33.363233329782084,11.909317780499688,10.560846657159898,0.7367822454887626,1,multivariate_latent
SN02-0244,LOT-B,19.13473793238349,5.413689741181358,9.073789437841992,20.324474668770893,5.641453482010907,9.168568075703881,0.4542923978914862,0,healthy
SN02-0245,LOT-B,17.542091858826698,7.430015357086936,8.924912647059069,18.827637107781438,7.822796078632316,9.086850886809493,0.7515612680172626,0,healthy
SN02-0246,LOT-B,25.367091476236997,9.918345345487708,9.250016696527524,27.98475809250227,10.684123253317656,9.298719338022286,0.4944013551346901,0,healthy
SN02-0247,LOT-B,16.582921693500722,7.031869441129541,9.718853962507792,16.933753223319897,7.367141423263431,9.841829699394482,0.5382071789757957,0,healthy
SN02-0248,LOT-B,13.041564770019118,6.156845758917525,9.157134718130225,13.621038377488821,7.192343852777242,9.384765854089162,0.5342707401411586,0,healthy
SN02-0249,LOT-B,22.519152971103637,9.18136305585393,9.769945980532796,24.22887403003096,9.549148877632424,9.856396683747457,0.36951583928560733,0,healthy
SN02-0250,LOT-B,22.694624626657514,5.660689608820855,8.682828457606814,23.91375040461288,6.039173372125878,8.746832519080522,0.9534777041678523,0,healthy
SN02-0251,LOT-B,19.016094317437663,8.062975153546201,9.330717953031808,19.779107431047738,8.299826606125322,9.468462493744711,0.6191268888116068,0,healthy
SN02-0252,LOT-B,13.800646094431032,4.43577135010894,9.401073950518574,14.950469043856137,4.717714354006048,9.59855658518988,0.9619291953073525,0,healthy
SN02-0253,LOT-B,24.000235880406706,6.456363812969131,9.588704374361406,26.612046076925466,6.574458616231261,9.698060296442623,0.7332868232282521,0,healthy
SN02-0254,LOT-B,16.53804138006463,6.260422557038156,13.431105407332225,16.924631350399828,6.476167974422887,14.308262368379767,0.6035611865806878,1,single_parameter_outlier
SN02-0255,LOT-B,14.8917013059149,4.395125828994385,10.430621560638633,16.293450673300697,5.227959623036957,10.494598984522042,0.7111703307508054,0,healthy
SN02-0256,LOT-B,19.6659239516771,6.370337816388407,9.166642797156728,19.921805975626512,6.618188971109088,9.278385394145554,0.47166516782164847,0,healthy
SN02-0257,LOT-B,24.596766752728694,5.510342518661944,8.500119175099744,25.473575764036163,5.6482484807475615,8.534119651800143,0.5816481089381846,0,healthy
SN02-0258,LOT-B,20.072256490193165,6.884636827013836,9.369888292126195,22.525225087723094,7.163607426769023,9.443342474446025,0.9332992504102815,0,healthy
SN02-0259,LOT-B,14.181041419696784,5.0321796174111215,10.863756287935395,14.928365362285332,5.250425507169237,11.142100365570386,0.753213479326957,0,healthy
SN02-0260,LOT-B,19.082691017755035,3.548394737654877,10.180549800313981,20.24520793635351,3.635409690066643,10.37337164196206,0.6995720913020826,0,healthy
SN02-0261,LOT-B,16.417251435905175,5.90150138623813,9.472369327408629,17.77054250163097,6.620260479948096,9.510258804718264,0.45193216625299465,0,healthy
SN02-0262,LOT-B,22.950259442898172,3.445515389293942,9.158420919952222,23.560939135375715,3.7639478172262515,9.249913934534714,0.7658658246550897,0,healthy
SN02-0263,LOT-B,22.347255520728265,9.856209097581472,9.05207635286539,24.285018499954504,10.580582069402137,9.322102949600922,0.7716383963731097,0,healthy
SN02-0264,LOT-B,18.343705694232064,5.0130376366344125,10.135358777568529,20.067157303490934,5.302716013741844,10.336277708484008,0.523473632622406,0,healthy
SN02-0265,LOT-B,20.3031279075466,9.59546358747372,8.520112216487183,23.249854615209095,9.93875858232377,8.68252482915168,0.838159932820742,0,healthy
SN02-0266,LOT-B,25.778639566469625,13.279744718015744,8.825457524829094,26.35900725151099,14.353644771563431,9.144795789371733,0.7145311803926001,0,healthy
SN02-0267,LOT-B,11.115576713750936,6.2003165113701195,10.491760772525677,11.807080222531674,6.610748328129223,10.640467788312979,0.756853393071133,0,healthy
SN02-0268,LOT-B,21.544796075774357,4.5521560725906545,9.35198699519611,22.13475582326118,4.580211735828541,9.48423295560002,0.8085170704762277,0,healthy
SN02-0269,LOT-B,16.053139315313885,5.602162463893156,9.30071646514188,16.51355979835721,6.361089700243692,9.403272946966979,0.8001621124582852,0,healthy
SN02-0270,LOT-B,14.70558493319716,5.9127666589620755,10.028445741307095,15.806365738977842,6.111087998035533,10.117727696130395,0.7588341142577465,0,healthy
SN02-0271,LOT-B,25.28847114810991,3.361247404455214,10.097038963794738,26.82111132143691,3.492851742094811,10.341741862074096,0.9250159966146625,0,healthy
SN02-0272,LOT-B,15.229275455622027,8.025055337357863,9.092623855128569,16.170692316479062,8.790988220779496,9.250566238908663,0.8865374489163572,0,healthy
SN02-0273,LOT-B,18.663657278155377,8.325232494100442,9.071229958035978,19.42762079015813,8.747078076364971,9.111647251172862,0.7069769554633624,0,healthy
SN02-0274,LOT-B,16.53804138006463,6.951661983893779,13.759266939300261,17.046078292566577,7.330279446455679,13.814304007057462,0.6360898262453512,1,single_parameter_outlier
SN02-0275,LOT-B,10.34570647096897,2.3331969648061675,10.401885140704941,10.93768800156134,2.424171124577341,10.631810413180128,0.8558613214379855,0,healthy
SN02-0276,LOT-B,11.16343981644651,5.9580771662763015,10.53127994621881,11.661976456358289,6.151536896784782,10.796524272703373,0.5193152446680646,0,healthy
SN02-0277,LOT-B,19.11907366990227,3.8514189796482254,9.796439628157906,20.141736198525823,4.029709038662626,9.907085096002563,0.7561095969960724,0,healthy
SN02-0278,LOT-B,17.413871529819755,3.893199321304745,9.694962878460988,18.661555517402352,4.335864439409679,9.876206898152283,0.6876261672132365,0,healthy
SN03-0001,LOT-C,14.491344192942659,10.810767040303933,6.947506126286196,15.376477656656178,11.155958044242883,6.988618860490074,0.6036188358278342,0,healthy
SN03-0002,LOT-C,16.32626817328355,7.8341479226958475,8.529189047283042,17.638704736222397,9.39501400205215,8.583999602531298,0.6726714333934667,0,healthy
SN03-0003,LOT-C,11.821557815409541,6.080877108300972,8.439692856987834,13.160902117035741,6.18913919173131,8.473451628415786,0.6462872247208127,0,healthy
SN03-0004,LOT-C,14.163888045887186,6.157451796670576,7.810075705057952,14.575235546001343,6.388309385724333,7.882452884884112,0.6923348754585577,0,healthy
SN03-0005,LOT-C,16.634849047027757,10.33624280897265,8.277531942841923,20.983438170416093,10.74189632157299,8.420092735846238,0.7637993673050137,0,healthy
SN03-0006,LOT-C,8.733189205352227,5.985802880443597,8.427425386958882,9.759158588220703,6.236256127762278,8.569551167331195,0.8191087385946707,0,healthy
SN03-0007,LOT-C,13.345569693053399,12.207844237207196,8.037887672029816,14.055740853662803,12.673303536040807,8.120730352186287,0.49648547847463487,0,healthy
SN03-0008,LOT-C,8.285690824730867,5.398861430535127,9.001001732000791,9.154874625385952,5.630001749142345,9.037005738928794,0.39371273119945494,0,healthy
SN03-0009,LOT-C,17.65888435211143,7.741898416690304,8.535177810046505,18.33079078377682,7.967819175112706,8.638874290323342,0.8128749691738698,0,healthy
SN03-0010,LOT-C,22.956588193198165,10.57446372229418,7.277798315392168,24.581918810076534,11.008467439437679,7.423130873624735,0.47536677510736586,0,healthy
SN03-0011,LOT-C,20.918483594378024,9.398107446752144,7.940720484232636,21.56025954013991,9.740481619821889,8.047305063428007,0.842369677987197,0,healthy
SN03-0012,LOT-C,16.524347256114822,8.333085156287904,7.364176074795031,19.81173919707315,8.516297447558653,7.526706643085684,0.502296293741787,0,healthy
SN03-0013,LOT-C,12.20685384920518,9.3705821260827,8.54074229581719,12.63173685002759,9.90045698934985,8.584372548991462,0.7451820381801427,0,healthy
SN03-0014,LOT-C,14.516753066507407,8.728984726157002,8.77730838212797,15.277279893194702,9.280079474165026,8.895494466513307,0.696249874951299,0,healthy
SN03-0015,LOT-C,16.43259714926925,10.207820925790205,7.394376102051831,17.003158439351942,10.584639547028713,7.496924435507962,0.9485563613829395,0,healthy
SN03-0016,LOT-C,55.10078101628617,10.916974122764767,8.122650544204241,70.01902587481115,11.32033261575553,8.156615228684668,0.7307911318241229,1,single_parameter_outlier
SN03-0017,LOT-C,15.542266877461225,6.2006200210119236,8.042549686210663,17.688143045239258,6.513269454977466,8.137666602499506,0.5088155018495163,0,healthy
SN03-0018,LOT-C,8.215010951424473,6.966218063935608,8.031136547114317,8.768658029536462,7.465132766650379,8.103300427827769,0.8981841021941738,0,healthy
SN03-0019,LOT-C,13.070661284258765,7.1890424644225135,8.62695251049786,14.110244437705655,7.611628649179633,8.693585549901954,0.7572154165373614,0,healthy
SN03-0020,LOT-C,9.640333529823376,5.9848150094862556,8.18003159431912,10.137241883361954,6.407896857204496,8.246579273324802,0.8156114248645534,0,healthy
SN03-0021,LOT-C,13.99847031931023,11.12700698319759,8.235589025525524,15.523686711391964,11.844912150166216,8.295923139937042,0.7261435937746097,0,healthy
SN03-0022,LOT-C,13.654976882200849,8.880010751466333,8.638393053632376,17.413469207348662,10.26164331012779,8.769785932793882,0.8839266189073756,0,healthy
SN03-0023,LOT-C,10.263358826309538,5.6236768489831865,9.462753321025113,10.75652466733403,5.763426391360126,9.500604334309214,0.7566922650295816,0,healthy
SN03-0024,LOT-C,9.481553209087913,4.501957895585032,8.121826504454125,9.946184207800624,4.7154094460422655,8.18435619565797,0.5554281245086243,0,healthy
SN03-0025,LOT-C,15.397608736078192,9.810559043681089,8.728766861410184,16.495106949031925,10.470838345403305,8.809110572315143,0.912599149232858,0,healthy
SN03-0026,LOT-C,11.928788255190566,5.313506756384544,8.608834570383952,12.847483819779358,5.599219196187699,8.699784881049359,0.8003826407437548,0,healthy
SN03-0027,LOT-C,23.73130097173544,22.26464689999211,7.972921604790393,24.96614715044362,22.726873667517342,8.023657620437096,0.7406684360154014,0,healthy
SN03-0028,LOT-C,12.353435110715985,3.7058276181557646,8.403069152320969,13.192186385959982,3.760901502516249,8.506297629809742,0.5728713390351744,0,healthy
SN03-0029,LOT-C,11.193859103000278,4.574481365605763,8.188372792171359,11.722248248064846,4.710294934509602,8.338095970863211,0.43882331529736474,0,healthy
SN03-0030,LOT-C,12.326859616091884,9.696659795522002,7.645409152019233,12.913356937057754,9.90021292335127,7.67599078862731,0.5904147665461579,0,healthy
SN03-0031,LOT-C,15.686942891406593,9.839960840567814,7.326677666770976,16.601109994545336,10.58527455725445,7.355984377438061,0.516021993598267,0,healthy
SN03-0032,LOT-C,19.525251309738074,8.7290682976599,7.842700782288551,20.639825076792423,9.128294059311946,7.91473200868868,0.6832671300476079,0,healthy
SN03-0033,LOT-C,8.870171033366608,5.791946313659318,8.773027752777384,10.222308070297965,5.962154009607757,8.921332180652067,0.729549664762247,0,healthy
SN03-0034,LOT-C,10.246832128051102,9.394796565163498,8.834990731637015,11.326565213892332,9.740828652071905,8.90385402513811,0.8983776102913892,0,healthy
SN03-0035,LOT-C,12.09911176772162,4.7723374500068925,8.15764813061004,12.431086261283657,4.838206729600561,8.190278723132481,0.8670191595322377,0,healthy
SN03-0036,LOT-C,11.0015111811578,7.234834814604207,8.18284026450285,11.942185255504947,7.4710256749164206,8.285515329376187,0.5853444932957957,0,healthy
SN03-0037,LOT-C,7.352674101434993,5.088564288551106,8.381607893230425,7.892556277484558,5.250916370219305,8.456834865942746,0.40341189336134625,0,healthy
SN03-0038,LOT-C,15.203926872730426,8.378020999139451,7.983663172979385,16.919550075263313,9.093515377548316,8.015597825671303,0.830745941701654,0,healthy
SN03-0039,LOT-C,11.504403669695401,7.348123336248907,8.731762703144339,12.440149012643776,7.51073498491507,8.93150479932611,0.6503284515103118,0,healthy
SN03-0040,LOT-C,18.334576138675097,8.694145651601875,7.661845910972039,19.365531498460882,10.647480571106158,7.761782128970144,0.2523107277306725,0,healthy
SN03-0041,LOT-C,19.159365944037507,14.433717645600977,7.8245619110231415,19.618150735833726,14.903698769680958,7.9154365448732,0.6061976553857872,0,healthy
SN03-0042,LOT-C,12.472127633449139,7.150136106751453,8.247173211882357,14.140207378852116,7.342083619072549,8.280161904729887,0.9560828498678674,0,healthy
SN03-0043,LOT-C,8.108971185756468,5.790904990923651,8.780262745617511,8.776758794771547,6.365466001617022,8.921236177739525,0.6239984665690654,0,healthy
SN03-0044,LOT-C,9.643211570320588,3.483347549612261,9.105237911275223,10.095318100171585,3.7129636593502084,9.143919098538484,0.786802716112421,0,healthy
SN03-0045,LOT-C,22.308124252285804,12.956475151064996,8.264392937929308,32.78511610548608,18.26328077060427,8.62975186944086,0.19475680161660097,1,multivariate_latent
SN03-0046,LOT-C,17.289029953757083,18.569347856562455,8.36662193487041,20.008004008471477,19.42563478862743,8.447798327752706,0.6366554029038237,0,healthy
SN03-0047,LOT-C,16.323532502107046,14.058905464809817,7.72767329658429,17.970575272168198,14.622718041204834,7.839656423238627,0.27826625120039694,0,healthy
SN03-0048,LOT-C,16.19594362926928,5.137559786122175,8.220976701741284,17.090458080459364,5.274160329459457,8.25386060854825,0.7588060327862733,0,healthy
SN03-0049,LOT-C,9.194642880759321,8.362760552505831,8.162411682873948,9.553880864163556,8.570830928449519,8.273340422031604,0.9283807373256772,0,healthy
SN03-0050,LOT-C,18.904391002179686,13.489839884354534,9.385092571827741,26.420270940703162,17.490552488152133,9.626840898317433,0.8318972196188159,1,multivariate_latent
SN03-0051,LOT-C,26.564524159573057,26.0718798928457,8.358963619280178,27.208763413346983,27.213616300703556,8.400190553469779,0.6258608617746035,0,healthy
SN03-0052,LOT-C,8.735212538765046,4.336339342373521,8.359713097232838,9.20496989987637,4.652435536450563,8.44906613903754,0.4135150151147194,0,healthy
SN03-0053,LOT-C,11.307053651216902,4.5488972463574955,9.023390631591083,12.441633874259107,4.969656262599791,9.186828082674348,0.4009440697675254,0,healthy
SN03-0054,LOT-C,16.772798886614964,7.844420996643269,7.8535116074923215,18.88899930701019,8.161478972616045,7.8849256539222905,0.775383391792187,0,healthy
SN03-0055,LOT-C,13.245066459286841,7.052434347554285,8.068376494713663,15.148713221578594,7.312419196362267,8.200489042484907,0.8804821205417251,0,healthy
SN03-0056,LOT-C,11.152416482458339,7.645421864302704,8.211750643433616,12.017387586040886,8.114089416349394,8.383073336303,0.8608087814658659,0,healthy
SN03-0057,LOT-C,10.496472075107011,5.939632333379128,7.718896334120693,10.945773101070335,6.227868811096455,7.806121067396667,0.42890171827794665,0,healthy
SN03-0058,LOT-C,12.287818223720885,7.863180151523723,7.7076899161699375,12.872866991052408,8.302187116016098,7.815926381126504,0.8992835922550924,0,healthy
SN03-0059,LOT-C,11.935644134383585,5.747434976519412,8.669376465101172,13.12436740790134,5.869530662612483,8.813478774292289,0.637124823622954,0,healthy
SN03-0060,LOT-C,14.736081820420877,4.914995944176018,9.236191934773899,15.273063219293343,5.8020031979229065,9.297512816102747,0.6509535767490099,0,healthy
SN03-0061,LOT-C,18.099069310001344,6.6867508035614,7.597199252177107,22.17010603100109,7.426714742200243,7.847748489810824,0.6759337119082828,0,healthy
SN03-0062,LOT-C,16.930892385099337,17.089872890786424,7.453455630907616,17.298033967445633,17.610248786059316,7.506537399130385,0.639885620924724,0,healthy
SN03-0063,LOT-C,9.618297057976221,5.332508894244075,8.459073055074311,10.143860257812724,5.462179890379142,8.532242019375524,0.52382699328442,0,healthy
SN03-0064,LOT-C,17.33469470529886,5.88162952952756,8.218228545247829,17.842463524449663,6.365907985923172,8.290477927982932,0.5825955943859122,0,healthy
SN03-0065,LOT-C,14.70766499543029,17.09326194378921,7.955752031154794,15.581249738627594,17.95418111141961,8.118385168842815,0.8574326551480584,0,healthy
SN03-0066,LOT-C,12.768236627948925,7.702869283710014,8.166726649058472,13.657079229097603,8.019575765223273,8.2324359942602,0.5040594369201731,0,healthy
SN03-0067,LOT-C,11.890976258956197,6.286675779358788,7.923477323466836,12.294500555238729,6.565398609034341,8.02867199021803,0.7561211318391984,0,healthy
SN03-0068,LOT-C,14.758966448705262,14.397177400846147,7.806327233408124,15.311143744285724,14.91640031480766,7.894284070689469,0.78094520414203,0,healthy
SN03-0069,LOT-C,15.553536786255068,10.900274935662301,7.145875014273733,16.603364656224926,11.45293401943396,7.254859364918861,0.9347964970257733,0,healthy
SN03-0070,LOT-C,13.85302994432174,9.038902305286992,7.658682762118169,14.660177707858118,9.613410550925236,7.72011952539866,0.6581275493908411,0,healthy
SN03-0071,LOT-C,21.91073098065715,14.337106090433863,9.495574816777001,27.549018961932905,21.155090001883888,9.753515249905641,0.3785443880478604,1,multivariate_latent
SN03-0072,LOT-C,9.866839565510539,6.241419230952225,8.9575580049304,10.931962085066315,6.480347311727309,9.031971456208053,0.2640930632998653,0,healthy
SN03-0073,LOT-C,9.528746045662222,5.943378056133194,9.170494783683603,10.321964372001888,6.519182890768448,9.254388841751242,0.8490817428628297,0,healthy
SN03-0074,LOT-C,10.701746450235493,5.50947427935188,8.327532101216827,11.577377138882444,5.626146870687365,8.470986544786296,0.7474334740575401,0,healthy
SN03-0075,LOT-C,17.519466760338243,18.872423239925975,6.776186495928968,18.83058661363721,19.66980291853948,6.839202461365127,0.577452942914088,0,healthy
SN03-0076,LOT-C,10.411831420205518,9.660597429995322,8.07133829240115,11.13516231438678,10.305960817562266,8.296565092133186,0.4574373660899059,0,healthy
SN03-0077,LOT-C,40.97145236748497,11.782995405928236,8.617075841147951,53.41172100372854,15.32707818512873,8.827318584921391,0.8754011019390494,1,multivariate_latent
SN03-0078,LOT-C,12.498725459376526,9.163903053757158,8.754818039406805,15.18320863640354,9.486385444073008,8.837131903833425,0.48319247587176933,0,healthy
SN03-0079,LOT-C,9.751829685414345,15.248015495763942,8.571731446090562,10.374164839509145,16.475693049827626,8.643559619953782,0.7197254290715935,0,healthy
SN03-0080,LOT-C,16.341309638333406,12.38962848363406,8.120478661701135,18.32014646849738,13.082398965564316,8.232968318492258,0.5776707485209674,0,healthy
SN03-0081,LOT-C,16.881456635710414,12.486069312036358,8.198338002035959,20.762107828468128,15.984528298085095,8.382299156553044,0.8470441955056842,1,multivariate_latent
SN03-0082,LOT-C,9.829077202495908,3.585318619678149,8.488570593493533,9.987218975094287,3.694722598281748,8.711193191328816,0.9175334898962173,0,healthy
SN03-0083,LOT-C,8.01903859215837,4.292143831985318,8.657911868234939,8.446397081297409,4.541099801615379,8.76922095438729,0.8375397788454388,0,healthy
SN03-0084,LOT-C,6.977847583884568,5.107988868278319,9.385780817876569,9.107232276332134,5.422181101630389,9.582007392115235,0.46410010488301373,0,healthy
SN03-0085,LOT-C,28.71017209895794,12.251426993134073,7.646067046109155,31.70851657134596,12.982978098854455,7.703650284495732,0.6517577404661238,0,healthy
SN03-0086,LOT-C,22.184746409594904,23.081022302559205,8.204522775207337,30.98793616601062,33.29938134235484,8.476628877154385,0.7015096539453668,1,multivariate_latent
SN03-0087,LOT-C,12.427969191280077,20.044847250908003,7.636724363329301,12.979239874952071,20.91531059782117,7.685579245669195,0.6638231374890008,0,healthy
SN03-0088,LOT-C,11.55463724135268,5.0123850223684325,8.526420235250326,11.837038048521134,5.169426365598636,8.586390245962702,0.7265998734260997,0,healthy
SN03-0089,LOT-C,18.447485756059073,8.89464488210468,8.212219640382324,19.12980168281782,9.21751418937766,8.31056388667418,0.7598125613504801,0,healthy
SN03-0090,LOT-C,14.112959012038095,7.155935907201173,7.788560166156305,14.943171689779124,7.38225291562366,7.8913927975913944,0.481917626306064,0,healthy
SN03-0091,LOT-C,10.622595042034181,7.636447765296424,7.722244101596774,11.704192980992367,7.998445115261311,7.827943869170681,0.5436893488583178,0,healthy
SN03-0092,LOT-C,9.182740116496333,6.32195475125415,8.93288696508177,9.820453414179525,6.672360752845059,9.123736718192132,0.6154091478622884,0,healthy
SN03-0093,LOT-C,13.83870460206539,15.198397905358583,7.165186362908023,14.457069262748249,15.871360140133609,7.203107799531764,0.5890518588705943,0,healthy
SN03-0094,LOT-C,22.240906246689267,8.700391364789024,8.509458727636927,25.356212532606325,9.457339132168693,8.66191019873118,0.5439079743127998,0,healthy
SN03-0095,LOT-C,12.30885803348345,26.984306587411808,8.122650544204241,12.832019339826502,31.311101471501026,8.199317956361854,0.8073512150900625,1,single_parameter_outlier
SN03-0096,LOT-C,6.670958288331859,3.4258503760940715,8.53026178192395,7.04414131056243,3.61765704881131,8.637517088166442,0.36558767351282784,0,healthy
SN03-0097,LOT-C,13.436006080140382,5.777153895776481,8.646776329968544,14.540321990474602,6.154019305941438,8.777818605203285,0.9178505036460657,0,healthy
SN03-0098,LOT-C,14.994084623450474,8.037960936994079,7.9277735028338725,15.860540595122513,8.398364658544624,7.994380085605913,0.3941904594930509,0,healthy
SN03-0099,LOT-C,17.596938396255265,15.142780419307313,7.133646042723043,18.113633330420942,15.819475293386613,7.162845481626207,0.7343614675136604,0,healthy
SN03-0100,LOT-C,12.30885803348345,7.533686524225722,13.148425844458986,13.028486896573636,7.755511792592765,14.055181816500523,0.7482062240684698,1,single_parameter_outlier
SN03-0101,LOT-C,11.448637565674083,6.8197686398684745,8.128562807378252,14.675828313049054,6.9594314596546925,8.174064329887788,0.8740993573512231,0,healthy
SN03-0102,LOT-C,19.791534617774854,8.32155195378458,7.857034383555557,22.171265440444685,8.58200884289522,7.918737786592937,0.7346982040780033,0,healthy
SN03-0103,LOT-C,18.642814143100185,9.400861643782306,7.447545060318658,20.642736838142145,9.832056698543344,7.595384813697932,0.7417474377693939,0,healthy
SN03-0104,LOT-C,18.479050482119426,10.039038719933695,7.721899779956931,19.15653745010153,10.362572321439703,7.80467936349355,0.5873488460157388,0,healthy
SN03-0105,LOT-C,15.88956866230952,8.592310799595467,7.6509231760018235,16.416765367308965,9.043804162508202,7.814594460351477,0.5246655322028349,0,healthy
SN03-0106,LOT-C,13.886471234334254,9.723132741419304,9.33344610401953,15.634365156314672,10.029374248090896,9.5073669587713,0.7689373992454994,0,healthy
SN03-0107,LOT-C,14.370950306499228,8.342760101973319,7.824160999599322,15.604217775923269,8.411224817290748,7.9188338444582556,0.9002087411905318,0,healthy
SN03-0108,LOT-C,11.325274017983954,6.4775629461168185,8.093307806227434,12.187604259076528,7.069812449532541,8.131874578919119,0.8929135242458032,0,healthy
SN03-0109,LOT-C,16.63983132135608,7.021684149836494,7.888965900648519,17.990588369465463,7.3761205324280885,7.981767735741781,0.6474923405836074,0,healthy
SN03-0110,LOT-C,12.928132776021345,4.775741197355677,9.710536098414343,13.315599370954523,4.909490256066279,9.766535157232207,0.9075907872630163,0,healthy
SN03-0111,LOT-C,13.578226015618476,12.09604802834249,7.104708280195598,15.027161898378486,12.482167730974805,7.1902357339485095,0.8246520815973822,0,healthy
SN03-0112,LOT-C,11.377432404176314,9.485184614643257,8.53646278810777,12.419002365131472,10.046331477681647,8.680121884670623,0.5798911146342975,0,healthy
SN03-0113,LOT-C,14.200890807973856,5.263349531994703,8.118919861365637,15.240822959910561,5.740484319331859,8.309579229396894,0.7971449728907446,0,healthy
SN03-0114,LOT-C,22.89486298140943,10.148624677059217,7.386762635693545,23.813185894110955,10.533253258802716,7.4822114105877,0.3627183497469931,0,healthy
SN03-0115,LOT-C,17.668648770514523,6.281846682104589,7.8837710006155275,19.647919079320552,6.6866691285797994,7.915306084617989,0.9364840720187105,0,healthy
SN03-0116,LOT-C,8.823701266081892,4.312092107390184,8.576987823273257,9.3186543869643,4.492461782898213,8.661402073053335,0.9617903197476673,0,healthy
SN03-0117,LOT-C,15.847022144433062,7.187380742462273,8.003982469967958,19.400660574058364,7.508390818926027,8.070706885660416,0.9404596224600782,0,healthy
SN03-0118,LOT-C,9.305326860776267,7.86008586327335,8.852304527774306,10.309129821006524,8.299254246002368,9.10115017998916,0.7281141248786736,0,healthy
SN03-0119,LOT-C,24.378972506774463,11.590120668309563,8.274732905005026,25.36690394670874,11.7393215168989,8.362368329217768,0.42061258436398324,0,healthy
SN03-0120,LOT-C,17.408018580663697,9.391001455123218,7.9594313147565945,18.480552425851112,9.564200965510848,7.991269040015621,0.459725876396951,0,healthy
SN03-0121,LOT-C,6.877423639877131,3.4061811332102874,8.061329463056724,7.203393074766739,3.5759989318740386,8.100992617880076,0.7014115458429441,0,healthy
SN03-0122,LOT-C,11.421999324175971,3.882553105407764,8.061770135583098,12.444657920190389,3.9946237451494495,8.156057064273305,0.7622330414300985,0,healthy
SN03-0123,LOT-C,16.44129635585409,5.192022965301255,8.280781140526171,17.869970340764652,5.448201851097396,8.375827526263846,0.5934960161231719,0,healthy
SN03-0124,LOT-C,9.446518888565661,4.607206624166844,8.528499939085973,10.671249500116566,4.8722281265138845,8.562613938842317,0.633148844162254,0,healthy
SN03-0125,LOT-C,17.49995431649093,12.063114130298052,7.678123672582344,18.62758631330729,12.625461689461794,7.740295905199006,0.5749559495188575,0,healthy
SN03-0126,LOT-C,17.381583244868136,10.798390699061907,8.768561544755698,20.84399258768139,13.371739260410562,8.95639059723265,0.674699076494735,1,multivariate_latent
SN03-0127,LOT-C,11.381580726862156,3.5264039835058827,9.235400941061222,12.165077446882536,3.6009149953020105,9.273991712514665,0.7506637181619972,0,healthy
SN03-0128,LOT-C,14.79197509397812,7.783013097858716,8.03477927224741,15.390777435677414,8.058800015425868,8.10209788222304,0.46863063487762624,0,healthy
SN03-0129,LOT-C,5.799435201298928,3.8924768368093168,8.492427701001276,6.963755625433244,4.019173629095868,8.76015223901012,0.7626524699794096,0,healthy
SN03-0130,LOT-C,11.01316864789109,5.296416199052258,8.677172588430567,12.751534954532225,5.703801051706532,8.846902058684234,0.880800254891364,0,healthy
SN03-0131,LOT-C,20.213327141620113,13.288806270199117,8.00476648261562,21.296205542577905,13.447577534244926,8.036785548546083,0.838964698181852,0,healthy
SN03-0132,LOT-C,10.076446190869516,7.257866492113228,8.410087523148372,10.568042777660185,7.632856287034587,8.557334050251214,0.6460437372997335,0,healthy
SN03-0133,LOT-C,14.337372002163118,37.19189426039781,8.122650544204241,15.611295939094099,43.7957385373377,8.167811185163664,0.8273220134316207,1,single_parameter_outlier
SN03-0134,LOT-C,6.616990772445604,5.803465064296443,8.94397175083248,6.960193555927631,6.055524470329886,8.97974763783581,0.8029191110002107,0,healthy
SN03-0135,LOT-C,14.63765462541524,4.262888808526378,8.269493716906414,15.277563681688262,4.336008315983165,8.339759143611657,0.6726799338348456,0,healthy
SN03-0136,LOT-C,14.012635445370648,11.425580128680673,7.19191624238053,15.562485713913675,12.007630433120681,7.24849231146869,0.6484421715445021,0,healthy
SN03-0137,LOT-C,7.083083871893779,5.275347537849925,8.881600352846933,7.481691993484491,5.940929712763158,8.989506461888897,0.8324908841275512,0,healthy
SN03-0138,LOT-C,5.9611816412210885,5.758077433960463,8.885437744141962,6.422135906359379,7.174238352223533,9.036922705517984,0.8393694469635715,0,healthy
SN03-0139,LOT-C,18.2741075323991,13.040535219188815,8.5593872713978,19.15764621451695,13.430978484092117,8.638675323017678,0.27885887097598083,0,healthy
SN03-0140,LOT-C,56.48518413472555,7.533686524225722,8.122650544204241,67.48612088910637,7.721216994390709,8.166838082748948,0.7744838354938001,1,single_parameter_outlier
SN03-0141,LOT-C,13.917103714947082,5.469792602445348,8.446728220738791,14.691944963817752,5.6762233715554204,8.480515133621747,0.8230277491323729,0,healthy
SN03-0142,LOT-C,15.993158165194954,12.10855909652143,8.16589280534696,16.582678838493887,13.007940501078552,8.246301315536643,0.8222230077579918,0,healthy
SN03-0143,LOT-C,15.88328592617487,13.589103156150967,8.086344893834434,16.703001373752258,14.14936886920514,8.152860403502194,0.816262836061167,0,healthy
SN03-0144,LOT-C,12.733063435141487,6.197259036688065,8.283381227364554,13.280680849855694,6.599674946120199,8.365845032358665,0.3491719344290709,0,healthy
SN03-0145,LOT-C,14.59814475500843,10.0832503026091,7.873468845274814,15.363467195878371,10.314747265522964,7.9270953006512235,0.34919901740982145,0,healthy
SN03-0146,LOT-C,18.03611656428212,19.509767437446044,7.6402424419873105,18.935971791939323,20.590823445770386,7.6708034117552595,0.23926359246411305,0,healthy
SN03-0147,LOT-C,12.806744255658606,6.8650704036143875,8.723753639149727,13.508601341578357,6.897356195284114,8.758648653706326,0.4016328502520895,0,healthy
SN03-0148,LOT-C,30.10238178798073,16.08127802202457,8.05523624058691,31.587414749705584,16.433687902379933,8.141076786618369,0.9374668298873117,0,healthy
SN03-0149,LOT-C,14.849030174872942,12.508626586498085,7.540998659390616,15.814172602223032,12.98855954481483,7.593344596628298,0.8058485435311554,0,healthy
SN03-0150,LOT-C,24.544893100040696,11.075814613290643,7.711389941038526,30.980345616322534,11.515942352604004,7.773635630087967,0.828145738865211,0,healthy
SN03-0151,LOT-C,18.882676015615058,13.85054303082918,7.567053616519427,19.80322140000905,14.04224469432292,7.651358211072136,0.7439114840603294,0,healthy
SN03-0152,LOT-C,12.204767944201299,6.613065129821617,8.062646335331523,13.983670183278957,6.970095185229239,8.213962173469953,0.6403092257205931,0,healthy
SN03-0153,LOT-C,21.59095279059642,5.831415593243398,7.429227898084691,23.47540982275115,6.1091795485749305,7.45894480967703,0.7265639985555686,0,healthy
SN03-0154,LOT-C,92.0981358413581,7.533686524225722,8.154359363308888,92.46652838472353,7.709132365964302,8.247592583597848,0.814711303307261,1,single_parameter_outlier
SN03-0155,LOT-C,23.279755954084965,9.424230296047021,7.94808620883505,25.41383259290104,9.941044799707251,8.109679945782002,0.4244041694326654,0,healthy
SN03-0156,LOT-C,11.917217141439282,11.751526166787087,7.921761144249913,12.518633384927414,12.231693077238189,8.028974299096026,0.567628161178725,0,healthy
SN03-0157,LOT-C,18.179013628047578,8.680784224262874,8.295222555364502,19.498373490299283,8.985217400737952,8.389600777220414,0.535105033335035,0,healthy
SN03-0158,LOT-C,13.904624422133256,9.339940960161915,8.516227976114225,14.737096537898628,10.238072129284818,8.743316971934423,0.7271510959089907,0,healthy
SN03-0159,LOT-C,9.854436693163134,6.605939081963766,9.047483638988,10.25656286240173,6.73135324447248,9.092941901714866,0.6280470842013189,0,healthy
SN03-0160,LOT-C,6.323007445051882,6.282285899544651,8.336896559447577,6.895575033937316,7.203973013455646,8.493005338198543,0.15955163017951085,0,healthy
SN03-0161,LOT-C,13.921559099284464,8.751642699636799,7.688357488506867,14.234189404942557,9.302954917787327,7.803547203191617,0.6715767457845618,0,healthy
SN03-0162,LOT-C,14.431036987532226,14.683724114897302,7.674779531098047,17.527774898963653,15.436522584745417,7.843027078616291,0.7352586484832446,0,healthy
SN03-0163,LOT-C,21.628191854361013,10.740688134838075,8.728996369796569,25.59116807810408,11.077062804043196,8.794192035161123,0.7057234329231962,0,healthy
SN03-0164,LOT-C,9.798310943325221,5.846241330645623,7.657569198103716,10.51379415115496,6.1213352867551905,7.7830592011398085,0.4600145083120303,0,healthy
SN03-0165,LOT-C,21.31059421232425,7.720312026207625,8.194344557123319,23.558332671214835,8.17901945316266,8.32512268019679,0.7344575701688643,0,healthy
SN03-0166,LOT-C,17.30652973615832,7.880657835507567,8.491484911844147,19.089479063856945,8.395954981863145,8.687023559660773,0.5845054999368953,0,healthy
SN03-0167,LOT-C,19.762703036336234,9.898786384081136,10.479911883581584,20.615935594039563,10.175708159208668,11.089289657710045,0.4791665204081968,1,single_parameter_outlier
SN03-0168,LOT-C,12.30885803348345,33.105819842141806,9.177607452066932,13.248155367378468,35.40612111480299,9.2143178818752,0.8860013844112846,1,single_parameter_outlier
SN03-0169,LOT-C,19.012967405186114,4.906663305021332,8.221535294128357,20.089932959567037,4.963443301878912,8.25442143530487,0.45619342271897567,0,healthy
SN03-0170,LOT-C,8.371936653231298,11.425873324562659,8.297589349481616,9.995760060204022,11.799141793612481,8.340617657760903,0.556923305873179,0,healthy
SN03-0171,LOT-C,16.977232759500097,11.455253507677964,7.563373664916836,18.03489078748159,12.50298451390053,7.792488767220373,0.6538330383695531,0,healthy
SN03-0172,LOT-C,18.54579116393656,10.289842164806442,8.494037135362099,23.82192501893562,13.524862572017527,8.77777164844483,0.7342359972369801,1,multivariate_latent
SN03-0173,LOT-C,9.297256015261935,6.6185622939199495,8.298515679966066,9.950121517494114,6.743302866390598,8.354781484540593,0.9164699344434257,0,healthy
SN03-0174,LOT-C,9.29625478526004,8.66056253404523,8.489098360166118,11.170438473763395,9.014461128270943,8.585065530562044,0.5775874549687519,0,healthy
SN03-0175,LOT-C,7.594046346591718,5.283833181957079,8.353589606867349,7.980631255082592,5.758674797880463,8.442631679228668,0.681673300744529,0,healthy
SN03-0176,LOT-C,10.286111067892447,5.966802618152445,7.870835992329052,11.224433043398076,6.1992267922665905,7.965425364209815,0.713595093785453,0,healthy
SN03-0177,LOT-C,11.934412787849439,8.02528872610822,8.774011886304939,12.985983967152032,8.126647727349077,8.811003453457872,0.49401853001447904,0,healthy
SN03-0178,LOT-C,8.795794944150526,5.156402432021519,8.10283539679009,9.404567250420593,5.264179549060209,8.13524673837725,0.8525931123382711,0,healthy
SN03-0179,LOT-C,13.81737238450172,5.87693848420913,7.626829093042529,15.228529703416411,6.2458491655922,7.723929614125442,0.6600024749718354,0,healthy
SN03-0180,LOT-C,20.948925671869546,17.530618891208313,7.951220137364364,21.919253913238162,17.918911790593278,7.983025017913821,0.789678814518129,0,healthy
SN03-0181,LOT-C,14.354965157108888,6.453672234922024,8.25506022408554,14.655314365533966,6.7859329570332045,8.398196532429619,0.3614971494251142,0,healthy
SN03-0182,LOT-C,10.141095610806465,7.665929016184034,7.867262225434461,11.746169557617847,8.135373039130855,8.05844642177871,0.5650443489071441,0,healthy
SN03-0183,LOT-C,9.281120667738206,4.30517605447222,8.577504234345316,9.682274059811576,4.394569914195163,8.680764022766482,0.9459557577714289,0,healthy
SN03-0184,LOT-C,13.149633162370964,6.002045549820527,8.34377620503456,14.67989954584823,6.575333447706846,8.402650567683606,0.9237795419587135,0,healthy
SN03-0185,LOT-C,19.130287762099222,13.451543551931202,7.5975510485196285,20.50072773432177,14.060971377450835,7.681284197825247,0.57915701510004,0,healthy
SN03-0186,LOT-C,9.671222521795777,4.127957466004039,8.50052010785681,10.852302429632042,4.418285919374254,8.578863840116387,0.371571820794621,0,healthy
SN03-0187,LOT-C,14.380447793049145,5.746567138503973,7.828977216019666,15.910373788715347,6.136186739282153,7.860293124883745,0.8009497786953377,0,healthy
SN03-0188,LOT-C,10.17384203779761,3.9721633183907468,8.355773608541236,10.401401666634158,4.133285317032271,8.4672921821828,0.4067738215287978,0,healthy
SN03-0189,LOT-C,10.78328945898619,5.374989275631388,7.598296389901626,11.62111732998433,5.551945500847164,7.639884437351455,0.5644252248576769,0,healthy
SN03-0190,LOT-C,9.961857096879733,6.5920909307962985,9.15747089893022,10.389935046643274,6.795904810751629,9.212429958736717,0.834750982080794,0,healthy
SN03-0191,LOT-C,11.293867251899426,4.852027115777508,8.201718765123092,12.714140493305484,5.13640071949511,8.335083464897826,0.9052261542288342,0,healthy
SN03-0192,LOT-C,10.951870733598094,10.0948414922421,8.47262929032435,11.559847820440291,10.277951025530276,8.506519807485649,0.6832025553044396,0,healthy
SN03-0193,LOT-C,8.573825586509692,11.35421126634657,8.762959814057911,9.39170291806955,12.577893333722562,8.900644687187212,0.8767467058807792,0,healthy
SN03-0194,LOT-C,6.096705280947342,5.632314044175187,9.20012554523173,6.558100466514919,5.867965873198875,9.2765994285576,0.886218854463929,0,healthy
SN03-0195,LOT-C,9.32207270378386,5.921802403436915,8.417231596317091,9.923709796396821,6.289209309357479,8.499398508497723,0.3857142642426142,0,healthy
SN03-0196,LOT-C,14.914544655740823,8.892085113440507,8.361923428764973,16.05692132645871,9.348259176105854,8.631386758646183,0.9714156163202253,0,healthy
SN03-0197,LOT-C,11.838658355686293,4.595191834497648,7.987349468619884,12.175049177452326,4.743480579077032,8.019298866494363,0.40218978620011847,0,healthy
SN03-0198,LOT-C,14.318221791843586,4.591313627995774,7.990247198855853,15.084219169969483,5.2112774629448255,8.043121080336611,0.8765411081250011,0,healthy
SN03-0199,LOT-C,13.693463469915972,7.549019526767043,8.146495370808966,14.052286208416138,7.740014110152598,8.188393406046222,0.4102207912751348,0,healthy
SN03-0200,LOT-C,6.835320207478339,4.35673315065493,8.720758819569259,7.0972095056007545,4.509895998389716,8.84325739323504,0.45815598930914897,0,healthy
SN03-0201,LOT-C,16.14219487501094,18.945360725624475,8.589229668798975,20.91430265126071,22.78380136055724,8.789856717124524,0.8247809735911058,1,multivariate_latent
SN03-0202,LOT-C,7.909161635154283,4.5708930512230355,8.740124494381453,8.651072822672575,4.761770444470621,8.915665323948355,0.8595141009718935,0,healthy
SN03-0203,LOT-C,10.947970856082483,8.237884734271404,7.840109277119634,11.695410246002035,8.535290767081042,7.899322350896425,0.7892145765740576,0,healthy
SN03-0204,LOT-C,14.33303466062749,12.28651328585327,7.738258689753911,15.207303103550608,12.671218239968567,7.778997447939522,0.6678513407284236,0,healthy
SN03-0205,LOT-C,15.80219622089183,7.700811780742629,8.254598404144073,16.275345552034796,7.899458532492266,8.311200151428661,0.4229526133955577,0,healthy
SN03-0206,LOT-C,17.00645505942845,8.716118840921796,7.978354364475734,18.304963369463103,9.432792648058498,8.12421147944687,0.8666232533068451,0,healthy
SN03-0207,LOT-C,17.49691746308667,5.043088224858996,8.463439749974425,18.260429157219168,5.372855500714668,8.570206167658606,0.4987532231945036,0,healthy
SN03-0208,LOT-C,10.252313097745976,7.894154625296049,8.289711145851523,11.003016302369986,8.186499356968516,8.370581491642913,0.7689409795636853,0,healthy
SN03-0209,LOT-C,21.502337468002878,10.801507396441874,7.319404297312021,22.154260115002447,11.172348495414031,7.418208898387685,0.7618786729467135,0,healthy
SN03-0210,LOT-C,12.686109124056175,4.299480967916842,7.761314314189393,13.854913478754888,4.4411908498560075,7.896339259248735,0.655266983903198,0,healthy
SN03-0211,LOT-C,9.336765101847485,6.470021062131166,8.520787154329064,9.759348184130133,6.692749574689264,8.574942020914984,0.9148594984140359,0,healthy
SN03-0212,LOT-C,17.536574098776104,11.070737969791658,9.221223756568024,24.439551236947853,14.278824237747145,9.473985466492103,0.8633276245497131,1,multivariate_latent
SN03-0213,LOT-C,15.271330114889912,8.396242764719664,8.157200526091701,16.491168890772478,8.52184469781537,8.266927092140435,0.8871553262058854,0,healthy
SN03-0214,LOT-C,12.246561968745251,5.773477340351534,8.741775431250966,13.248899519084501,5.978367033265978,8.846997188598829,0.9202246669903223,0,healthy
SN03-0215,LOT-C,10.304459658903559,6.255667050421408,8.359430731325897,10.887604414339249,6.48813897486296,8.3928684542512,0.9759742742294232,0,healthy
SN03-0216,LOT-C,12.156939355738025,7.039908427372936,8.600308902405528,12.362474637571719,7.251074791599959,8.63471013801515,0.47914809945019426,0,healthy
SN03-0217,LOT-C,7.224592656674804,7.431843793022917,8.64994707455134,7.589650753163712,7.731440739149924,8.704773784050465,0.814209182631441,0,healthy
SN03-0218,LOT-C,12.968182898722127,7.533686524225722,10.90692760751328,14.526803453214109,7.818675658892426,11.91049096376862,0.7712546986846306,1,single_parameter_outlier
SN03-0219,LOT-C,14.393323159761627,16.438562983167024,7.5037921100200435,15.556187400200987,17.562813467267404,7.584364323603048,0.8821966734663301,0,healthy
SN03-0220,LOT-C,9.517568994434585,8.926129716274582,8.174291774912529,11.457393212784078,9.271860659639945,8.319864560982708,0.6734015736166898,0,healthy
SN03-0221,LOT-C,14.78810071560112,11.690147828021631,8.556613866532329,17.013940270426936,12.275739049085097,8.608600842991473,0.6148486696195935,0,healthy
SN03-0222,LOT-C,9.494836534768215,10.718353348830723,8.252345707528368,10.281957516131719,11.154676264294764,8.313411690159283,0.5539048584554244,0,healthy
SN03-0223,LOT-C,14.628719497098794,6.282081428705333,8.527283447552074,15.485482967348545,6.521892939225752,8.61207002527359,0.48664318290675707,0,healthy
SN03-0224,LOT-C,19.653681630234797,14.427714267596834,8.287577405129444,25.671409543506936,20.01915015333375,8.654762786788904,0.5224215472982651,1,multivariate_latent
SN03-0225,LOT-C,13.515212466557813,15.459438393737413,8.748827771122112,14.171758509004919,16.091263112410296,8.870041118572583,0.7911245612339166,0,healthy
SN03-0226,LOT-C,13.037325495318612,7.981392202193626,7.988257268113528,13.769411102653049,8.480963042617104,8.132734530669795,0.7611192419114663,0,healthy
SN03-0227,LOT-C,11.211881670879972,6.6227662870609,7.1896604477904775,11.595432052304165,6.825638776152262,7.21841908958164,0.509299092202527,0,healthy
SN03-0228,LOT-C,29.28621997476522,23.496189702117043,8.357553924002072,41.60163049562757,44.72586204093515,8.834151477309362,0.7382830960888762,1,multivariate_latent
SN03-0229,LOT-C,14.526379660986507,9.36557690918505,7.067897641704656,15.123291555040403,9.58560198521623,7.110563498168224,0.59596413891349,0,healthy
SN03-0230,LOT-C,13.570053619284673,12.572815137418837,7.724855605220087,15.760984183344709,12.846183436601645,7.778149781064571,0.9252088263429172,0,healthy
SN03-0231,LOT-C,12.110861737653986,6.733407240339697,9.800264358989217,13.22787439517802,7.056770771462264,9.909665730270113,0.6032874162765545,0,healthy
SN03-0232,LOT-C,10.025201088617965,6.802888864350483,8.338909823108745,10.691254697306835,7.24101926356711,8.37226546240118,0.30467048547419984,0,healthy
SN03-0233,LOT-C,11.113466556210476,15.545332333653377,7.340115682040985,11.96067595937541,15.96696802643346,7.39853099495136,0.7812600554241742,0,healthy
SN03-0234,LOT-C,11.49707032779596,3.387529806344416,8.635999997529135,12.594396698980432,3.5642482475892208,8.812561853473325,0.32378766097270767,0,healthy
SN03-0235,LOT-C,11.686264263509212,4.849304213151539,8.128807156163386,12.401620699678165,4.88970587622934,8.218790834052035,0.5218089287565593,0,healthy
SN03-0236,LOT-C,13.275736196755766,7.812289698700131,8.270599545171079,14.204676349469127,7.95752740406704,8.414890760989858,0.604089684135767,0,healthy
SN03-0237,LOT-C,10.375941396770422,2.9061641313929094,8.157992569183012,10.977724135066941,3.143515749164053,8.213248075898637,0.4282338772431696,0,healthy
SN03-0238,LOT-C,15.03940388540261,8.60751071982596,8.35944135532521,16.479613737907023,8.89660493412769,8.42978865483259,0.6733417706118084,0,healthy
SN03-0239,LOT-C,16.235291050605444,6.81105434388449,7.823256761480822,17.700612282466235,7.3650003333073455,8.092186437342622,0.5826635979712289,0,healthy
SN03-0240,LOT-C,10.113069466751453,8.60020528795646,9.50097513581655,10.597008899191044,8.78228303166226,9.566138833366747,0.4599603022869038,0,healthy
SN03-0241,LOT-C,8.997637241515168,8.419185645649902,8.293318170880461,9.269751683202493,8.572968828104319,8.326491443563983,0.7788931789824853,0,healthy
SN03-0242,LOT-C,8.274498253535,7.509182635256708,8.313010088869202,8.923709973520477,7.882009337596756,8.420593576720238,0.4659316960154972,0,healthy
SN03-0243,LOT-C,11.067591658367657,6.308390473596095,8.10782509100748,12.255219041716908,6.651549440377051,8.190492073062229,0.6084795185107785,0,healthy
SN03-0244,LOT-C,18.07793208072658,6.808917781855686,7.902044372406186,18.853787163148954,7.136295155942163,7.933652549895811,0.2267558985396325,0,healthy
SN03-0245,LOT-C,16.15170801621881,14.22084137141996,7.370496526140958,16.839668337970632,14.889211052561684,7.422564713110413,0.22844010835522047,0,healthy
SN03-0246,LOT-C,9.692231712711393,8.20225639717561,8.080603950109257,10.726703281057926,8.436151772693394,8.176137020215489,0.8445458706392324,0,healthy
SN03-0247,LOT-C,12.30885803348345,29.58279320515243,8.72488840788801,13.600401734225892,32.011234735822875,8.759787961519562,0.8296219101555766,1,single_parameter_outlier
SN03-0248,LOT-C,12.30885803348345,39.75046623103357,8.257718915663084,12.584837792228596,41.164033984487936,8.366783526198283,0.7694267730192402,1,single_parameter_outlier
SN03-0249,LOT-C,11.091994981739516,4.737496595018686,7.6826293686883185,11.98679490465858,4.989124179109609,7.723743494534218,0.4342155219573576,0,healthy
SN03-0250,LOT-C,10.070525203450094,8.833529647777945,7.7982732208742,10.883537204363305,9.882599549928596,7.898009324384939,0.5942414266242568,0,healthy
SN03-0251,LOT-C,12.510226548053968,4.77517310986483,8.868206345816077,13.336418529905758,4.864285543201443,8.977759234639024,0.5322494526148963,0,healthy
SN03-0252,LOT-C,11.427942584872062,6.948311009029437,8.230152255753485,12.463109592640158,7.057058517738373,8.335934060296385,0.5513748440277694,0,healthy
SN03-0253,LOT-C,20.21942391269547,6.729933012741817,8.19727813152269,23.980565982841505,6.995105656364203,8.24567804506788,0.5131540806028297,0,healthy
SN03-0254,LOT-C,12.30885803348345,24.200576095456995,8.565408386063625,13.81087603653714,26.17698415469079,8.59967001960788,0.9150744285937694,1,single_parameter_outlier
SN03-0255,LOT-C,12.125788223473025,4.900100060895747,8.417788113705878,13.128995087551573,5.13390481427425,8.483257011492057,0.8221049060830338,0,healthy
SN03-0256,LOT-C,19.2756369641141,10.826182149069421,8.268677802246925,19.803560454633526,11.30023622765268,8.438093598716751,0.6667865267256156,0,healthy
SN03-0257,LOT-C,12.06472390444319,13.996433888477682,7.842345377622577,12.434405938403621,14.72847315156688,7.978116400887412,0.615379830583313,0,healthy
SN03-0258,LOT-C,14.686797699275102,13.385850888794923,8.155503114181311,16.141949537794503,13.783055834311217,8.189237610313558,0.7647397541728362,0,healthy
SN03-0259,LOT-C,17.33309766389204,13.525610470788395,8.312176841872462,23.815111680068327,18.78030995869351,8.54327788412221,0.3728859053948362,1,multivariate_latent
SN03-0260,LOT-C,17.06111055654268,12.548441186241538,8.239902246610615,23.089850077406204,15.231581489463995,8.395816878642577,0.6736790467791052,1,multivariate_latent
SN03-0261,LOT-C,13.591213240083023,5.674687795341256,8.316300516432008,14.226943420245183,6.15324023608636,8.349565718497736,0.9045900697808357,0,healthy
SN03-0262,LOT-C,13.789215273684555,8.772178829016475,8.281636667568357,14.153757137706632,9.175151308508015,8.31476321423863,0.5743975070156853,0,healthy
SN03-0263,LOT-C,8.618876547134313,9.284655667671771,8.09107192523118,9.01888614388972,9.70756982494217,8.169115943850205,0.34541546890151104,0,healthy
SN03-0264,LOT-C,26.1932806002214,13.238925674503818,7.584961103878597,29.46814161233927,13.51976485771043,7.631473900380638,0.5693014739173381,0,healthy
SN03-0265,LOT-C,31.550651963690175,39.77780275623378,8.438664626343446,43.74271623875263,46.797936252528686,8.955057375315775,0.7466309489480858,1,multivariate_latent
SN04-0001,LOT-D,24.36631222756371,7.590022419206046,9.730017701214473,25.341403661597578,8.149415196749775,9.87928536781662,0.7121126580601762,0,healthy
SN04-0002,LOT-D,13.453133191242005,3.9178377792554233,9.662543481681862,13.798336608534926,4.124705857057745,9.750342750731791,0.6436570284725783,0,healthy
SN04-0003,LOT-D,20.841905376389256,13.953754810745602,9.943393674342275,21.94451494689928,14.771058399304273,9.983167249039644,0.4402929129599006,0,healthy
SN04-0004,LOT-D,34.85973008816691,10.930470359428764,9.86613193065048,35.77812416911936,11.410725411422096,9.952277903279445,0.8504595561006428,0,healthy
SN04-0005,LOT-D,17.599029360743817,7.447242629799298,9.511754568708215,18.294341687058584,7.837662019202868,9.616349033656638,0.619648903452447,0,healthy
SN04-0006,LOT-D,11.187689965598814,5.561277655494298,10.567096411431383,11.5323818095788,6.163939249085147,10.683497282131027,0.3872197916339984,0,healthy
SN04-0007,LOT-D,51.58385543190816,5.166893734557671,10.009307588193908,53.277356831376636,5.635730778567636,10.181955473035273,0.5633200131054513,0,healthy
SN04-0008,LOT-D,8.019655091872453,4.8716900391060465,10.32650094537715,8.7011355414085,5.143210085332099,10.5258425661415,0.7648401039918886,0,healthy
SN04-0009,LOT-D,16.406390395485626,7.847573596911559,10.399435454658567,17.411131003589542,8.95289533446218,10.676892032809494,0.687681657000761,0,healthy
SN04-0010,LOT-D,12.794641335928038,6.291077056797902,9.1542342056938,13.649086406395813,6.822348727885823,9.204367976259284,0.8540655229274889,0,healthy
SN04-0011,LOT-D,27.43276055245521,7.697709235920781,10.266085034242655,28.34159548736182,8.391922323399175,10.339748635062284,0.8763558659920417,0,healthy
SN04-0012,LOT-D,16.03656373286835,3.351141266222514,9.539319952969931,16.747110859525947,3.5592004159738693,9.719004687428082,0.5735048479305707,0,healthy
SN04-0013,LOT-D,17.598290409061253,4.327632101764056,9.926765012620423,18.007568774380598,4.58750941529587,10.103050841838462,0.43928155066567526,0,healthy
SN04-0014,LOT-D,15.06543919496449,3.6662403969723196,11.562727676147171,15.719114460805045,3.9168064909040172,11.608978586851759,0.8253172505023308,0,healthy
SN04-0015,LOT-D,22.249149938383912,6.176791152785141,9.928451765669703,23.64327399042121,6.403844280325131,10.192238362036264,0.45861385109306985,0,healthy
SN04-0016,LOT-D,13.511539920351835,4.824357491547976,10.698667545416669,14.195803810090764,5.486768488429489,10.890225883176287,0.36541251445059447,0,healthy
SN04-0017,LOT-D,8.539981844231072,3.7323460048980914,10.638810518183012,8.806573733929831,4.2507249927789585,10.966341222986358,0.6739930835940016,0,healthy
SN04-0018,LOT-D,20.071825995215235,8.270746988861028,11.066618041664672,20.774359263970496,8.617972678395338,11.224331464621171,0.9126289572936307,0,healthy
SN04-0019,LOT-D,11.594867711086858,4.319938784410372,10.467562278464754,11.929325744463506,4.52966359097285,10.571148924978273,0.6957081504822618,0,healthy
SN04-0020,LOT-D,13.080845467750748,7.289320225744619,9.566366626456759,13.849837897778777,7.747080504830243,9.93663345510622,0.5720644948585156,0,healthy
SN04-0021,LOT-D,15.54399462475248,11.329157558869186,11.439865639108296,16.069134405008413,12.432531932794207,11.51455234911977,0.9443822684208664,0,healthy
SN04-0022,LOT-D,28.184240171285023,17.339472192082763,10.759012627212973,51.46792994539215,27.008730497897393,11.457287741731648,0.8443599945970234,1,multivariate_latent
SN04-0023,LOT-D,20.610130559809214,5.117649979418121,10.121295356112185,24.08114828826262,6.908153227576648,10.301337076868947,0.6731535731856131,0,healthy
SN04-0024,LOT-D,25.841924466590935,7.439092371640947,9.156853200737729,26.67575389395461,7.9026130451232115,9.31420311346558,0.5570986598715852,0,healthy
SN04-0025,LOT-D,16.961191632493374,8.43494740903028,9.778437247854242,17.72255278345492,9.493075874834853,9.89526746576725,0.4133817324346628,0,healthy
SN04-0026,LOT-D,29.861001508622795,11.439691783042434,9.785420029900344,31.99515213337139,13.065828842393433,9.871742980133865,0.6884318772501129,0,healthy
SN04-0027,LOT-D,9.045709937493799,3.6101272163153033,10.850634788552991,9.281185017437528,3.857681850226,10.959047414901942,0.48543227147055,0,healthy
SN04-0028,LOT-D,11.063842384591744,5.1611301513394405,10.95022308854955,11.246916538674364,5.384162024504898,10.994023980903748,0.643574955372493,0,healthy
SN04-0029,LOT-D,15.186852138011245,6.375135153356595,9.577483877882031,16.540043447988687,6.772420381839156,9.638838711019433,0.7531338724665771,0,healthy
SN04-0030,LOT-D,14.64781501036486,6.423139129186069,10.659861938457928,15.660996916396293,6.882689917063762,11.022589423332578,0.7196759701900272,0,healthy
SN04-0031,LOT-D,12.270899915258603,7.048187732177004,10.941863750012466,12.852222322606359,7.695786454582289,11.073341241334827,0.7500722179431617,0,healthy
SN04-0032,LOT-D,14.323782070501519,8.540923971796397,10.430135257425057,15.053164110291815,8.764849353534764,10.537006503441084,0.5338679523881611,0,healthy
SN04-0033,LOT-D,16.01429817534225,7.979830322691143,11.200210082002858,16.921479942454333,8.33158016272711,11.345622741741598,0.3994899905016425,0,healthy
SN04-0034,LOT-D,14.496366299854971,5.93877437010039,9.61796030721133,15.014065368607005,6.2034332079522905,9.694574747221022,0.5962153569731496,0,healthy
SN04-0035,LOT-D,24.618578894494572,6.945326700046099,10.051769384775344,25.61906416672434,7.2097653077423685,10.208811105870161,0.4049736320296468,0,healthy
SN04-0036,LOT-D,26.400086294158317,8.802033503594561,10.013168282136519,31.53521477693483,11.738277099748977,10.26143652538981,0.35249678538803886,1,multivariate_latent
SN04-0037,LOT-D,19.018068736077126,5.860483022127328,10.500012378391855,20.683915631444382,6.54057271160862,10.713738070214227,0.5537447461676742,0,healthy
SN04-0038,LOT-D,28.03940159097526,7.691643103234332,10.206238195954707,30.051490740225216,8.11373071890932,10.369904129751504,0.33959426132962545,0,healthy
SN04-0039,LOT-D,30.35258185291258,9.963502671976777,10.438330210680665,31.324330795537787,11.033366085862252,10.5262437026185,0.23154952554392297,0,healthy
SN04-0040,LOT-D,43.43124612995561,5.791439977982411,10.345645724487937,48.82180405642623,6.001237517122493,10.424080665322217,0.8891156439283536,0,healthy
SN04-0041,LOT-D,13.744188571167662,8.341157243430528,9.799343756932027,14.357556043128803,8.936795244495764,10.13681018647256,0.4768701192238097,0,healthy
SN04-0042,LOT-D,9.35783337743609,5.364985296483073,9.930206081322057,9.976012608628963,5.682572795006097,9.969926905647345,0.6918953528088603,0,healthy
SN04-0043,LOT-D,16.817406609377194,4.55944824616573,9.887370801647663,17.717602836312064,4.876666528934591,9.996497841388798,0.7758449431079425,0,healthy
SN04-0044,LOT-D,9.080888274117946,2.8173888785332806,11.25453225000621,10.078209036483448,2.9931675063282475,11.3948385111816,0.8588072942085191,0,healthy
SN04-0045,LOT-D,30.311924307841206,9.040541093247572,10.299856054213452,32.344072594940634,9.58651291416925,10.45120892552998,0.43437470538335515,0,healthy
SN04-0046,LOT-D,12.016375180095249,7.295621033197973,10.944871861183099,12.520284050727426,7.694915400435148,11.068847105369478,0.7857390935560006,0,healthy
SN04-0047,LOT-D,13.960696209868598,7.255776035485122,10.414618736932935,14.521005023884518,7.724029034302249,10.477734536315,0.9183152339302518,0,healthy
SN04-0048,LOT-D,16.038351884565426,6.796807628466299,10.8175901333367,16.723752579386844,7.708803657532073,10.94064814177926,0.8728056268725423,0,healthy
SN04-0049,LOT-D,14.970930590147754,5.105645606435747,10.309282807406548,15.352507521917808,5.306627528558572,10.781377774625758,0.4790769318654819,0,healthy
SN04-0050,LOT-D,14.030558908558012,4.987387617302766,10.410646580582172,14.608869168346997,6.92496241176311,10.676774189933736,0.882595769656372,0,healthy
SN04-0051,LOT-D,33.144993808465465,16.722612179949458,10.846925634411955,48.10657011680173,27.071764479485115,11.474936146198477,0.8685270361690289,1,multivariate_latent
SN04-0052,LOT-D,29.23824957810554,8.812591831366408,11.69173081201633,39.48794971283384,14.222533719855845,12.376680825928574,0.779123739551844,1,multivariate_latent
SN04-0053,LOT-D,18.244887867372963,5.9196564012620625,10.837876919961788,18.975745706315294,6.4832935495105595,11.074755574611451,0.5285771436944301,0,healthy
SN04-0054,LOT-D,21.111363021536185,4.077060941895336,10.278306305297534,21.881863767521807,4.282731716174723,10.476330667812036,0.6316365873747682,0,healthy
SN04-0055,LOT-D,13.840956659349018,6.462915538435595,10.183130888351599,14.329783658213525,7.138974014328113,10.364676706371988,0.8329214207864865,0,healthy
SN04-0056,LOT-D,38.66850093681301,13.658529684778767,10.007346728219982,39.99521752526928,14.504186235652359,10.055927021238535,0.8486463188719833,0,healthy
SN04-0057,LOT-D,9.281501010717612,3.4934021700169433,10.16455461705376,10.478987768972514,3.751961646036456,10.53779738101035,0.7680529503580661,0,healthy
SN04-0058,LOT-D,24.991462622444192,2.948227157135437,10.174264145462665,27.032618635049385,3.4773688108000513,10.427178865742052,0.41406576413592877,0,healthy
SN04-0059,LOT-D,18.10952297046348,4.036121191001266,11.001561856107246,20.32515278076818,4.183538529079442,11.123561074569405,0.8207376878764718,0,healthy
SN04-0060,LOT-D,29.002638200388013,5.069045828217664,10.335983009461387,29.78220152208574,5.27615034779413,10.418806857664702,0.4350405556912556,0,healthy
SN04-0061,LOT-D,31.42826006001846,17.28216904840805,9.892533248425128,34.03489365684092,19.156221345777336,10.164515160724626,0.22609167508182698,0,healthy
SN04-0062,LOT-D,5.936863154299416,2.8643674201296845,11.364868538909157,6.140297615578479,3.1580355505322704,11.485486096422616,0.5240074955254301,0,healthy
SN04-0063,LOT-D,17.086983745840875,24.27593602827837,9.875479185111029,17.501137273552917,28.505549215601846,9.93290796261859,0.4146372896893553,1,single_parameter_outlier
SN04-0064,LOT-D,23.37231650640536,5.974910768830747,13.408859585935518,27.212699705230776,6.453730800173624,13.708258936779917,0.7064426755407615,1,single_parameter_outlier
SN04-0065,LOT-D,25.776061957072177,8.403265706525795,10.7807249599513,33.52313017133075,10.862072050185416,11.041094839763888,0.7035739815003358,1,multivariate_latent
SN04-0066,LOT-D,9.992665671133146,5.26975558747924,11.685694863010566,10.136467385411942,6.0171173113560394,11.866176086066702,0.7833807546966083,0,healthy
SN04-0067,LOT-D,20.803517062761582,5.998863290351849,9.794060898949553,21.412347371045957,6.475983758486519,9.899122039933209,0.3141860091794573,0,healthy
SN04-0068,LOT-D,16.791005751607816,7.304475093114892,9.192933458072876,17.024508823032868,7.59758317405289,9.296091511280782,0.5136185532345824,0,healthy
SN04-0069,LOT-D,12.014935941822047,5.023074397945279,11.047721163471204,12.307828060225885,5.24557648282503,11.17763629233434,0.4849184607562232,0,healthy
SN04-0070,LOT-D,27.61103726703474,11.48330035824894,9.858546878372088,28.295985756279862,12.987497396656213,10.105038961913506,0.6051004319956207,0,healthy
SN04-0071,LOT-D,22.828581080787316,9.83603046105584,9.762997171866614,23.410040235578737,10.075911168430126,9.839101182864574,0.3671492353239026,0,healthy
SN04-0072,LOT-D,10.510767877892409,2.1384886885622674,9.993008504522338,10.709411169214368,2.328553661396098,10.345666876139811,0.4715527962995393,0,healthy
SN04-0073,LOT-D,23.235794158667844,4.6736191609865,10.462127449612515,25.850701906970052,5.592181789772616,11.080851778100339,0.8873364965941983,0,healthy
SN04-0074,LOT-D,52.40033305983547,24.628083698929625,10.245859652377984,71.06097605745533,33.309115858005526,10.570332152605445,0.6094401153814284,1,multivariate_latent
SN04-0075,LOT-D,26.280026131354017,8.962460659930596,9.963891911714411,26.980231553433203,9.280563947251274,10.145119917825639,0.6978484666220497,0,healthy
SN04-0076,LOT-D,13.718062236207043,2.97924433019283,9.995827891195711,14.157011050559534,3.062985369634194,10.125582329157837,0.721696492246668,0,healthy
SN04-0077,LOT-D,39.287998440409766,7.514261390644769,9.449291773499995,41.324247361943655,8.336394770970099,9.593774938331519,0.8013384580860319,0,healthy
SN04-0078,LOT-D,11.60687874824455,6.637161741003733,10.393689787102776,12.363136040835617,6.938335002136511,10.451608453073506,0.9219893864258407,0,healthy
SN04-0079,LOT-D,10.606697253934925,1.9789631243125905,11.966570639293243,11.777654798414229,2.128349218304933,12.21322795089513,0.3829577096903287,0,healthy
SN04-0080,LOT-D,10.733123950981351,2.861945863527789,11.255693847111411,11.136234103417973,3.0836247961119483,11.436843893118391,0.6965681634115727,0,healthy
SN04-0081,LOT-D,12.954525759829583,5.258176797197271,10.544800179097486,13.50101644197087,5.691991513904849,10.830518942274425,0.8388147356297643,0,healthy
SN04-0082,LOT-D,16.519587416997158,3.8293229227496948,9.85862266663467,17.116614937257566,4.074589924495346,9.909315135751132,0.5763461526064058,0,healthy
SN04-0083,LOT-D,16.472637494051355,5.738275600094934,11.051973350632823,17.48352580089778,5.893342446923813,11.096181244035353,0.8280486226918895,0,healthy
SN04-0084,LOT-D,12.219527078061956,11.739271932352953,10.257104954031092,13.794415289309036,12.938266402482789,10.540958172107798,0.9116270788271732,0,healthy
SN04-0085,LOT-D,17.320743753601263,4.1358358076642014,10.51327608440585,17.938574563685304,4.418359326433961,10.674282498063572,0.8294033367890132,0,healthy
SN04-0086,LOT-D,13.875000015695177,2.6525937320572877,10.403270401562208,14.51306069927917,2.876931953757078,10.513030841200557,0.8481289960183805,0,healthy
SN04-0087,LOT-D,29.374866685935455,15.081612295776193,10.069708879691095,38.17192708839093,21.406486133872942,10.436234612913223,0.6395301617728087,1,multivariate_latent
SN04-0088,LOT-D,12.161003251703693,7.856400531382763,10.245595492345952,12.845551127551033,8.168943658378025,10.368085355060318,0.5754439854700915,0,healthy
SN04-0089,LOT-D,13.801026570089137,4.755490317899826,9.950741867780781,14.938927850245905,4.976129005402249,10.050453504328026,0.3408528096335415,0,healthy
SN04-0090,LOT-D,15.362185623661318,7.3387138589072185,11.27227585853673,16.317691839659762,7.74726745355896,11.564763496472722,0.597315109931703,0,healthy
SN04-0091,LOT-D,16.31076120308938,4.702732099926657,10.301631148856128,16.875242230700575,5.17752224276479,10.475953894047185,0.5508403260866213,0,healthy
SN04-0092,LOT-D,19.610389633864408,5.582890615735883,9.49728538193347,20.056551360261185,5.856074731374509,9.552681699968293,0.6798740676850396,0,healthy
SN04-0093,LOT-D,16.915047661423213,3.9006934144479875,9.548401798937263,18.016446615276312,4.061231732384833,9.622957344196863,0.7036853347955165,0,healthy
SN04-0094,LOT-D,10.118648462737676,4.19599573744078,10.589690420030669,10.267529787437258,4.325168311554564,10.814004900680057,0.501388418325912,0,healthy
SN04-0095,LOT-D,18.62569798277205,5.727193407258709,10.955112953783875,19.579079180014833,6.113391978460513,11.018718973414394,0.9424165171598897,0,healthy
SN04-0096,LOT-D,16.764406082819335,7.499176761352672,10.549815747808735,18.107416655064757,7.7511475693335115,10.658384373113755,0.5193327512357984,0,healthy
SN04-0097,LOT-D,18.94379891925719,14.627153238748614,10.418231797719375,19.99806089777425,16.557320298244978,10.459904724910253,0.9234457802760278,0,healthy
SN04-0098,LOT-D,13.102748569376297,6.270114630781056,8.957195214903702,13.652790861249455,6.51236375568551,9.078647856380247,0.7585040617546565,0,healthy
SN04-0099,LOT-D,18.677139055167284,3.137879931462712,9.554673296230925,21.366171583157637,3.4149934915403324,9.738196053553942,0.7451603734689027,0,healthy
SN04-0100,LOT-D,24.01846933484505,7.535511202347578,9.709378046012075,26.07712129575585,8.562778626001325,9.822063302234026,0.8328769613222078,0,healthy
SN04-0101,LOT-D,15.600169467434691,4.80703146996766,10.539380639083875,15.865077692513406,5.290732451011467,10.59386375887557,0.4902163987875422,0,healthy
SN04-0102,LOT-D,12.925251919050428,5.513174897477206,9.735748976261398,13.187072661610296,5.933355726352713,9.774691972166444,0.5812754192091543,0,healthy
SN04-0103,LOT-D,13.913946007090953,4.0765798353886495,10.627998805719228,14.76649225396389,4.700483433525044,10.890630297953347,0.7835014409275861,0,healthy
SN04-0104,LOT-D,14.263547902405563,11.115641463257154,9.077447956190158,14.777862819504142,12.515530986150335,9.123836792370302,0.4869017319580996,0,healthy
SN04-0105,LOT-D,16.408629414802054,8.089849060389788,9.672444648211226,17.06577598103873,8.611974778608097,9.785080528670264,0.7211964728197456,0,healthy
SN04-0106,LOT-D,13.133310586571184,4.039601700306925,10.593204044547049,13.614692970900125,4.360213418244293,10.720751779532108,0.5593532061733592,0,healthy
SN04-0107,LOT-D,17.65174161184389,4.609225277427841,10.765173570516536,19.368999114944394,4.931787709095845,10.989985465753811,0.7113899459355677,0,healthy
SN04-0108,LOT-D,12.08663745804609,3.9050379975923817,10.080981666690132,12.334045047485976,4.046376316351486,10.14321835844726,0.3604682082148172,0,healthy
SN04-0109,LOT-D,11.192624351038415,5.244871953986227,9.740075093070034,11.51081304041254,5.71625285640413,9.834868475585191,0.5489608443798659,0,healthy
SN04-0110,LOT-D,14.494138062125268,5.6267425001283895,11.355929646667303,14.816934191560483,5.94327263743065,11.54341397710253,0.8575312443595031,0,healthy
SN04-0111,LOT-D,29.303258925569413,6.672054744259236,9.468002766857506,30.51339956699958,7.08158129094904,9.505874777924936,0.7591647349815154,0,healthy
SN04-0112,LOT-D,10.366171939278663,3.903170621478923,10.949683809031582,11.0570057521752,4.144187251708511,11.03251848021125,0.7856574199404657,0,healthy
SN04-0113,LOT-D,25.168398765809645,6.54050991791533,9.740972565123265,25.269072360872883,7.29828967335877,9.936657152601256,0.5904205396658367,0,healthy
SN04-0114,LOT-D,14.072867290942664,3.3980447894633485,11.631376417728859,14.951535755688937,3.6583376038144704,11.770309889031157,0.9575219345540159,0,healthy
SN04-0115,LOT-D,22.116730432336055,7.316026082917912,9.221732193408078,23.24684596436882,7.682195828106884,9.36536641718975,0.5961530429788539,0,healthy
SN04-0116,LOT-D,16.902098569819806,6.049773291003523,10.163643958269487,17.91827255696297,6.345011273002699,10.266219217692013,0.7491386793956799,0,healthy
SN04-0117,LOT-D,13.683050512109638,6.313648114539037,10.666555892635197,14.28199265009207,6.862536105242413,10.827528902373007,0.8269706244128803,0,healthy
SN04-0118,LOT-D,23.36449219441843,9.500023428283153,9.03464233058564,24.01381539770034,9.743116530457744,9.133120650121603,0.6865631662562685,0,healthy
SN04-0119,LOT-D,20.66802556537723,3.8044474581627292,9.94197645155658,21.962015834787636,4.0314604740938735,10.116660050752028,0.5653971372989222,0,healthy
SN04-0120,LOT-D,40.91893867030472,11.172522717477417,9.777844965603652,44.770707606995636,14.588727460074734,9.888132978165952,0.8135540834920381,0,healthy
SN04-0121,LOT-D,22.469952155385975,8.497518325941124,9.49157170294912,23.975774774668285,9.244279540083268,9.529537989760916,0.6915256961044702,0,healthy
SN04-0122,LOT-D,17.868240674987852,4.643612881313903,9.765825556996035,19.161017020595445,5.0097069084140164,9.920251996680411,0.8038695326395723,0,healthy
SN04-0123,LOT-D,12.460692022722535,11.665273651010638,10.147052120984165,14.716474063378682,12.262907094035604,10.457809781940123,0.5777913886829673,0,healthy
SN04-0124,LOT-D,16.849842783300364,8.689186941744312,9.76560102564395,17.426858088222815,8.84735173900288,9.833829540221398,0.4910250996045789,0,healthy
SN04-0125,LOT-D,13.089284015194169,6.787862099168242,10.1132871618639,13.406035807446916,7.233501955418756,10.181542391704179,0.4202312540640314,0,healthy
SN04-0126,LOT-D,32.560775740119794,7.423227838973661,10.176781977744012,34.56216608998312,8.36237250166049,10.303710535154613,0.6780106788157251,0,healthy
SN04-0127,LOT-D,20.018907371009284,8.390352017523693,10.936722444088604,21.12049723722426,9.765937298003859,11.066081782370704,0.9355975625954108,0,healthy
SN04-0128,LOT-D,15.093314252819663,4.76036998917718,10.293773899685416,15.177716637450738,4.860370644848551,10.395814472407299,0.7252899831907695,0,healthy
SN04-0129,LOT-D,24.748691039286282,8.291580679611783,9.078344145647666,25.62811383336678,8.561002991590291,9.21742368312514,0.5322113590625476,0,healthy
SN04-0130,LOT-D,20.78770977022844,7.2838108032806055,9.454274859461458,21.84249993037706,7.7296160319177165,9.540569547788138,0.45301727835263683,0,healthy
SN04-0131,LOT-D,13.813876823326376,3.9524385983721113,10.587329580904411,14.422445999873156,4.801683103519035,10.797171588152242,0.5012852289377213,0,healthy
SN04-0132,LOT-D,17.147372511127276,5.727802475909629,9.508024257749963,17.616884643170774,6.25444921691833,9.64462246460837,0.6413459548126863,0,healthy
SN04-0133,LOT-D,5.812011379130015,3.735760175710621,10.35620191625081,6.188453810796238,4.116164255535255,10.397626723915813,0.6584391905688434,0,healthy
SN04-0134,LOT-D,24.548213817554736,7.0561148513364715,9.608611314782706,25.967604934838025,7.393255776536527,9.769106179008983,0.7451510519813864,0,healthy
SN04-0135,LOT-D,11.94240744009156,4.171155901059984,10.592998317751439,12.686412047906664,4.263606862009803,10.807683673005274,0.36922690749259024,0,healthy
SN04-0136,LOT-D,8.825367182520937,6.049801003471455,10.122871872945447,9.125717053131234,6.566375206474291,10.353986202250967,0.6408662050996792,0,healthy
SN04-0137,LOT-D,19.703315083805784,5.122982484643045,10.208671597696908,20.556912649143765,5.313678415655475,10.285063909028523,0.2919557087788181,0,healthy
SN04-0138,LOT-D,21.203740748878673,4.235326969576745,10.149741142185126,21.730854664118112,4.4689395134415415,10.254230507904575,0.510444327522117,0,healthy
SN04-0139,LOT-D,20.792717875085334,4.981669970749309,9.79648220212003,21.69652294697828,5.296625053522087,10.05422976201372,0.5572343301984184,0,healthy
SN04-0140,LOT-D,18.88530706561341,3.0904603346953468,10.89761919461863,20.844958309064964,3.20907651531146,11.134542043369027,0.5043836070718098,0,healthy
SN04-0141,LOT-D,18.20514090317053,9.460566013204568,10.042016133920686,18.69661573495073,9.770473783005247,10.08218419845637,0.8151268663170259,0,healthy
SN04-0142,LOT-D,18.42553515242486,7.100108682577544,9.750318152282937,18.930592560198797,8.188462649875959,9.850242391483123,0.5485081601082358,0,healthy
SN04-0143,LOT-D,11.139475895276794,4.926376231945396,9.540071258229895,11.285735438481023,5.104614451035043,9.7093981897984,0.754887904669702,0,healthy
SN04-0144,LOT-D,24.850432200491497,9.895034937027534,9.213417475567802,25.082171290601913,10.320622660145311,9.298343540492729,0.33523524214222156,0,healthy
SN04-0145,LOT-D,9.434534923584343,4.117868942633115,9.59468514242915,9.793530027490503,4.317309869214283,9.794240431500382,0.6500774391218221,0,healthy
SN04-0146,LOT-D,18.498136158849043,5.080376076661839,9.655031503887141,19.560544124946134,5.499912628192436,10.066327081192647,0.6429550007647447,0,healthy
SN04-0147,LOT-D,22.238632246948903,9.924515153958087,9.9877264805144,23.00018025385679,10.250726739280488,10.027677386436459,0.44889927015221776,0,healthy
SN04-0148,LOT-D,16.72998920145322,5.535756567661968,11.300071306404009,17.595330933405815,6.363407429289231,11.381168111974501,0.8890340270826906,0,healthy
SN04-0149,LOT-D,20.703649165488176,3.4913937757604847,10.212326992249443,21.026213357065544,3.564078083436418,10.25317630021844,0.6165020727676851,0,healthy
SN04-0150,LOT-D,24.072175214351912,7.244710403922325,9.654545710053105,24.72922455754279,7.648355075702636,9.85907585471847,0.6478032001566121,0,healthy
SN04-0151,LOT-D,9.367283426886713,3.51570303485995,10.247844359774751,9.518821815306428,3.8891722234018444,10.440115981991273,0.6546228892945897,0,healthy
SN04-0152,LOT-D,28.486517791833794,6.014578279441836,10.686054214668442,30.42705164579485,6.305964085406629,11.118868498162914,0.694564359477914,0,healthy
SN04-0153,LOT-D,21.72369507441343,10.05239571614448,9.495980481961919,22.971592081640907,10.833763301260669,9.630468710761464,0.4241288815776913,0,healthy
SN04-0154,LOT-D,26.600458793480318,16.29366453537053,9.561634473872179,27.75151623233395,17.73780475873273,9.682561206158509,0.4430567514504028,0,healthy
SN04-0155,LOT-D,9.808365948494012,3.3506234273626223,10.42672165200363,10.414302601418028,3.661383560865731,10.554596700250016,0.7736172605359901,0,healthy
SN04-0156,LOT-D,9.426404355067378,3.357173571832522,10.421814127368348,10.197264294555563,3.634323508153246,10.463501383877821,0.5870819348213064,0,healthy
SN04-0157,LOT-D,33.98548602139141,6.861926322052231,10.608552702817581,36.36184682111959,8.781946400824399,10.779810701850955,0.9870022414935529,0,healthy
SN04-0158,LOT-D,12.376152381907302,5.102004927659419,10.247639511007666,13.457381179277661,5.457890325560368,10.312620474768476,0.9340169760335869,0,healthy
SN04-0159,LOT-D,23.15242941592945,8.210476905684667,8.72018859718902,23.984268567901445,9.02224882078695,8.916701873954343,0.6769416923011443,0,healthy
SN04-0160,LOT-D,13.978580121631575,2.973738817430768,10.963262819173597,14.491980311508366,3.1536721620659844,11.026339171410111,0.7044460443271987,0,healthy
SN04-0161,LOT-D,17.08794042873193,5.943776550679637,11.844017427299605,17.734345283970473,6.330344054059291,11.92362245807954,0.9136517218742182,0,healthy
SN04-0162,LOT-D,13.362456834889311,3.3630451921557984,12.066536763021213,14.464044605471104,3.8676906749106092,12.334131270706703,0.784483745157698,0,healthy
SN04-0163,LOT-D,14.165835178031221,4.127630349081539,10.372648969251296,14.517734629958325,4.309812065478469,10.504943615098718,0.6730109338485798,0,healthy
SN04-0164,LOT-D,11.923104053447274,4.105869778719877,9.622507789398925,13.300353957911048,4.224149874734348,9.757646207388682,0.5067485223703759,0,healthy
SN04-0165,LOT-D,15.929427701993514,3.5087111430937212,10.66124491520169,17.208675298106982,3.9163510948003926,11.119642816438564,0.8373383820856366,0,healthy
SN04-0166,LOT-D,23.637328301807806,6.494393816485868,9.154891076321162,26.193178776102734,6.786854088822376,9.434133884940668,0.29088984560477055,0,healthy
SN04-0167,LOT-D,12.098254039168639,5.120769618430183,9.085319155410064,12.406523603722903,5.389360302508912,9.121660432031703,0.6501143844381795,0,healthy
SN04-0168,LOT-D,28.382632490097514,5.801809122895014,10.954713805984271,30.03439237971179,6.341329208540362,11.263884857565081,0.9515446001681037,0,healthy
SN04-0169,LOT-D,9.05076233254595,4.62666922372392,10.716294136042793,9.779600835599028,5.267790157521411,11.175504566102218,0.5810401251117266,0,healthy
SN04-0170,LOT-D,30.585597451841135,8.355587857646444,11.309787114564665,34.31027670865346,8.898868079853171,11.440563850115751,0.9208500014089311,0,healthy
SN04-0171,LOT-D,20.40589026333108,5.494557060741758,10.119395794402424,21.039373907011754,5.772842288249604,10.237302423159832,0.8843331057130247,0,healthy
SN04-0172,LOT-D,19.15825595119742,7.386261481384527,9.458479875246198,19.62887041961724,7.989536894981542,9.675547452667145,0.599299734345496,0,healthy
SN04-0173,LOT-D,16.28977147963678,5.342918735724837,10.316217425842234,16.51180270643532,5.416409307897898,10.451048590271602,0.6629882300038914,0,healthy
SN04-0174,LOT-D,20.030344188500333,5.072050581686554,9.796822745199426,21.040288268126247,5.604485738329427,9.858932704887094,0.4455177245333317,0,healthy
SN04-0175,LOT-D,16.23989415033231,4.355579817120303,9.927661729909369,17.779703768527213,4.480448894654114,10.203062775163605,0.6970488444037582,0,healthy
SN04-0176,LOT-D,15.587854561387351,3.53274546656442,11.377191707166489,15.92790663737312,4.044326162925585,11.560012927848101,0.9287553981270446,0,healthy
SN04-0177,LOT-D,15.747744108774405,5.088491582699014,9.927543363430166,16.527334451645775,5.589722867872338,9.967253536883886,0.7911418948705444,0,healthy
SN04-0178,LOT-D,26.66427498440811,4.810296803872806,10.114428429004391,27.729819449731938,5.088659081606859,10.1885612656805,0.6716445381143356,0,healthy
SN04-0179,LOT-D,12.616890093789237,6.025691945915708,10.434383398134464,14.459212184738497,6.61197084392922,10.550489131499457,0.6714025600383623,0,healthy
SN04-0180,LOT-D,5.2144905943878985,3.258967040561739,11.323853565548587,5.663991509815098,3.4639341122101683,11.479230063674423,0.4153107393074914,0,healthy
SN04-0181,LOT-D,15.764292646021316,4.020419998250731,10.219575076613486,16.852134504330373,4.302125131358522,10.449645280414659,0.7803460350318748,0,healthy
SN04-0182,LOT-D,12.139507039325862,6.566775421693833,10.795324705587813,12.891490959108806,7.008478159237151,10.909604063544375,0.7381739272693084,0,healthy
SN04-0183,LOT-D,10.301570426449985,4.065008901276661,10.811520197425427,11.356338091390342,4.60027145574695,11.094533705212207,0.8187726098531277,0,healthy
SN04-0184,LOT-D,11.182927616241765,3.7128374629373893,10.204588961655139,11.377873551272694,3.87269663192723,10.316088776038477,0.506621258684781,0,healthy
SN04-0185,LOT-D,26.78421852147389,8.66353926762951,10.320137204485839,28.591003939853586,9.412384115804583,10.462988350134706,0.38347129915856254,0,healthy
SN04-0186,LOT-D,16.438320467235034,11.637822282807859,8.837880257303768,16.556923488129353,11.68437357193909,8.972848008305567,0.5513086158779562,0,healthy
SN04-0187,LOT-D,23.316011323640502,6.672858600451081,9.709803554855554,24.277873440337444,6.779853451879276,9.893828533841768,0.5184526631168395,0,healthy
SN04-0188,LOT-D,16.836173168031156,7.374567014979456,10.848742776169257,18.41016210690123,8.1187122204904,10.985577496408851,0.2954957629960505,0,healthy
SN04-0189,LOT-D,16.589147586892537,11.75283354232592,9.99334856137821,17.389215433475904,12.464646796436437,10.120678656355425,0.6041813116700437,0,healthy
SN04-0190,LOT-D,11.349655832458696,2.854382284074842,10.803336120664182,12.545131181514222,3.0113217012351274,10.96821574945309,0.452488851489993,0,healthy
SN04-0191,LOT-D,22.008277647184816,5.0159024726042,10.864330331833706,24.614550846003922,5.450561572263566,10.989105006854277,0.9206280707170412,0,healthy
SN04-0192,LOT-D,18.71826312957323,5.0251323634053024,10.060883381455493,18.905768680655076,5.157775237156913,10.165268160982276,0.4535048296509664,0,healthy
SN04-0193,LOT-D,20.595356006584325,4.608831323593062,10.070230749285452,20.754776121913913,4.792677736600063,10.258058552321032,0.6901514771039385,0,healthy
SN04-0194,LOT-D,15.459340555546957,6.205425222539059,11.41924902799963,16.636531663079918,6.381554995004565,11.686665464750341,0.8332554684927055,0,healthy
SN04-0195,LOT-D,19.790561282530984,5.421478949203168,10.024942783528743,21.75490802298906,5.580111770507608,10.075702907499046,0.5706869203793972,0,healthy
SN04-0196,LOT-D,30.373561942955092,12.34215601294751,9.961000096170071,31.987312537191286,13.538715952325596,10.108711068812115,0.42374017861814756,0,healthy
SN04-0197,LOT-D,11.895404085364397,8.502278907486648,10.356176293717809,12.532471478310402,8.928206163535483,10.39795188039543,0.825190317185884,0,healthy
SN04-0198,LOT-D,20.836723989314645,6.090823803405708,10.013878689374122,22.58599750971511,6.805076871326529,10.09586629964486,0.7563615362162736,0,healthy
SN04-0199,LOT-D,14.612657017815552,5.270771460209451,9.401877288025085,15.608813407040634,5.510978595037843,9.599012865661686,0.48843727296865797,0,healthy
SN04-0200,LOT-D,20.05734917788439,9.726629585057358,10.842934480100627,20.672866821721723,10.376116591309223,10.989590063191958,0.37668460712671753,0,healthy
SN04-0201,LOT-D,25.293765004763806,7.81761266427084,9.723004915380509,26.813688164784537,8.240947920313149,9.846815362342216,0.4259836743488896,0,healthy
SN04-0202,LOT-D,19.532559635495478,5.799638565366207,8.51747433066431,20.17062348065679,6.180050009472528,8.703444046103906,0.6158333732569187,0,healthy
SN04-0203,LOT-D,17.41597900906171,5.75236668588885,10.665810434819834,18.020665490614576,6.070034632038637,10.761538918909853,0.7728920786709774,0,healthy
SN04-0204,LOT-D,23.43548029210082,7.217315409645911,9.725943974729438,24.50137529835586,7.649716532353328,9.990779172497199,0.4788313552736796,0,healthy
SN04-0205,LOT-D,24.599074013898537,14.696092295002805,10.27711122639023,25.664220877341023,15.46828844485506,10.743352152664036,0.9625113344636937,0,healthy
SN04-0206,LOT-D,32.22236953297791,8.445516296638765,9.584058671224781,32.820745851136884,8.99057305896354,9.666929375764708,0.691024803529395,0,healthy
SN04-0207,LOT-D,32.50879212955165,8.36169283912925,9.838980565653141,37.99201614649121,9.862628564469412,10.139115621078636,0.5275843551835785,0,healthy
SN04-0208,LOT-D,18.927991768701673,7.737787585512553,9.756312428314175,19.60064447422872,9.352246548183563,10.333325518349964,0.5690317753541639,0,healthy
SN04-0209,LOT-D,17.231164908923713,8.289613551829884,9.697185513705564,18.29578284664753,8.78188038884294,9.917156208217573,0.6804440700797054,0,healthy
SN04-0210,LOT-D,19.98977625477948,4.484115885474425,10.172430243087787,20.93927657624733,4.6943918480336775,10.336707430312261,0.5794453808872033,0,healthy
SN04-0211,LOT-D,11.542204391227129,9.604366279792863,10.478611793838752,11.891051115850289,9.968878937031736,10.547353292356263,0.19593000697593632,0,healthy
SN04-0212,LOT-D,12.941742906882787,4.492168685743723,9.914058259555969,13.750280009683287,4.812144990356036,10.168027260862848,0.5202446435364588,0,healthy
SN04-0213,LOT-D,13.031037934785328,7.044324183914015,10.559791983660851,13.438388771457975,7.2966704420642365,10.602031151595495,0.4916129392239444,0,healthy
SN04-0214,LOT-D,13.99247774042219,4.2267406519940804,10.453361176978232,14.358706175157861,4.372340459651949,10.572454839143191,0.7385200176856246,0,healthy
SN04-0215,LOT-D,15.261501446889238,6.633076980154986,10.309447242309568,16.14567263777178,6.849800726842298,10.56588909636014,0.5647522975654741,0,healthy
SN04-0216,LOT-D,18.88771021667827,5.484441838761837,10.332100520673945,19.50267749601818,5.947291478061876,10.430205061973098,0.427090278734493,0,healthy
SN04-0217,LOT-D,12.212931107414803,6.864055802656735,9.88066540473338,12.974986899124557,6.955528194179369,10.057744653544807,0.5476462509910176,0,healthy
SN04-0218,LOT-D,20.62567144764475,16.17439225309537,9.1813398262173,21.72646770615208,17.016393522200964,9.321556802782814,0.42959586358933155,0,healthy
SN04-0219,LOT-D,15.120346016264682,6.133017394180232,11.381837315279279,15.78391969987068,6.544143932291794,11.852515261944228,0.7838604469085875,0,healthy
SN04-0220,LOT-D,20.11994879159291,6.898231556601578,10.33241519524497,20.478645971491908,7.236017703178988,10.39863430964116,0.5042889536363954,0,healthy
SN04-0221,LOT-D,12.011118088936728,3.0294707591075136,11.342820985113487,12.241160034670102,3.334706071577541,11.484558258303387,0.4897393416593505,0,healthy
SN04-0222,LOT-D,15.674445066543484,5.062076362161218,11.429949333248613,16.382216665661964,5.553076267537673,11.599388071328486,0.8454562933172881,0,healthy
SN04-0223,LOT-D,14.699069387786404,5.55191981325189,9.606101346251183,15.136835683619383,5.734333767123021,9.644525751636188,0.664814363535341,0,healthy
SN04-0224,LOT-D,10.172349544686487,5.1501076370994525,9.3079088740837,10.438697619178184,5.325542614602782,9.405880337204003,0.70512258556216,0,healthy
SN04-0225,LOT-D,31.348477637085104,17.379658940028428,8.549110893050987,32.06133118337098,17.87750375315532,8.766118565441472,0.7626364031210161,0,healthy
SN04-0226,LOT-D,12.194470932694763,3.0712230781628356,11.116772976327201,13.870551947179587,3.2548500863153933,11.181131411140363,0.25124947000405795,0,healthy
SN04-0227,LOT-D,27.589838042984926,16.184175650878714,9.99608821416494,28.75530767113725,16.680462111187754,10.117168268724868,0.8872342843580696,0,healthy
SN04-0228,LOT-D,13.656956164507942,8.642375061829862,10.51883041939839,14.268103192815795,10.03810590574518,10.793547257960627,0.8822067429806322,0,healthy
SN04-0229,LOT-D,15.581674744635693,5.815337082300691,9.215696055107365,16.204200124919268,6.219074620832115,9.408860974368455,0.837508506808829,0,healthy
SN04-0230,LOT-D,18.84362536948216,4.894227387848341,10.395391178947458,19.844018793551676,5.276981554626898,10.490033320509495,0.6897337264474697,0,healthy
SN04-0231,LOT-D,30.873840520718637,10.158809279545265,10.023096055901794,38.531388720859205,15.058595675397806,10.584588903080133,0.5779353099529326,1,multivariate_latent
SN04-0232,LOT-D,28.944905903096593,11.576531038176752,9.133002007540513,29.576946682624683,12.072184710903155,9.279081325204102,0.8199018188949362,0,healthy
SN04-0233,LOT-D,14.410754864411254,4.901576154527926,10.220880825462094,14.951938454956633,5.027642711117868,10.40030568084121,0.7395918548339285,0,healthy
SN04-0234,LOT-D,15.14765426137234,5.602811320454601,9.48342495812088,15.552597877588461,6.063787267976684,9.62248912264538,0.6162214595262302,0,healthy
SN04-0235,LOT-D,29.207982728973686,11.663000376111878,9.002965468801879,30.18758736930908,12.354782654282145,9.067131360084232,0.8081013086970513,0,healthy
SN04-0236,LOT-D,18.07137832937983,3.6968643363485802,10.039592207638297,18.464435552328002,3.8691089285240117,10.112596371628173,0.6195462849506614,0,healthy
SN04-0237,LOT-D,25.337454076248946,9.896453304226991,10.06018319573529,25.901737936412825,10.38807802087846,10.196101503904174,0.6451565354986626,0,healthy
SN04-0238,LOT-D,18.324293493299773,7.376578736802675,10.712822893047216,19.26304728321138,8.236251325384274,10.935126574494358,0.926216502078635,0,healthy
SN04-0239,LOT-D,16.854384085378168,6.559925711621885,10.648662577308631,17.44622326073587,6.909532154983914,10.887678581859626,0.7718647409992859,0,healthy
SN04-0240,LOT-D,11.458087396890615,1.5011226316050517,10.031478004094105,11.809345629500225,1.562030706487317,10.147374564387972,0.4868927313942517,0,healthy
SN04-0241,LOT-D,29.82634077217583,6.039125204115584,9.250924614193293,34.6902435775956,6.465276187565948,9.4175297474547,0.4271398093160266,0,healthy
SN04-0242,LOT-D,14.315817461184139,3.7445749673575084,9.758356188013243,15.20120146486174,3.908825492841388,9.831317061438448,0.8287519434632249,0,healthy
SN04-0243,LOT-D,14.48012046987239,5.389816838997593,9.086260756441252,16.441453043865454,5.89253867586338,9.203023052266866,0.4608659125177346,0,healthy
SN04-0244,LOT-D,18.423383345152768,16.389242430807098,9.863813173013927,19.052846957387672,20.557154826294752,9.903268425705983,0.8611711078911293,0,healthy
SN04-0245,LOT-D,18.081325677316084,3.222297269143857,9.37595967268445,19.71314705693633,3.7009600621817684,9.550885838039976,0.597252305495711,0,healthy
SN04-0246,LOT-D,17.92300101804379,3.7379503181694695,9.541829534136193,18.831951335844423,3.8401005745506565,9.641904043033051,0.3248102251246002,0,healthy
SN04-0247,LOT-D,13.188125221258113,6.223732162257437,10.349134363266495,14.44523508393753,6.713936933395913,10.58399298918065,0.7455094637390146,0,healthy
SN04-0248,LOT-D,26.213996870411542,5.38804111713443,10.284442791069395,27.1759401934197,5.614927384946406,10.325580562233673,0.7117656059493013,0,healthy
SN04-0249,LOT-D,32.60462703673409,10.246628228375226,10.072388258471344,42.19789972079813,15.368242991086893,10.677874334431442,0.6476436487056721,1,multivariate_latent
SN04-0250,LOT-D,20.5362892563267,9.218013320613766,10.980181133830905,22.616276832850975,10.056269938596413,11.029177662317048,0.8399827138970579,0,healthy
SN04-0251,LOT-D,12.865718563412186,5.8124481711220355,9.828791244495486,13.363146337087938,6.175365497353589,9.933848257742046,0.24251775193675762,0,healthy
SN04-0252,LOT-D,11.793226701422823,5.996997134213453,10.425127882622638,11.977272201720803,6.062966337183145,10.52659617739122,0.7632353841107904,0,healthy
SN04-0253,LOT-D,18.780146062035847,7.542871699142855,10.116384458171723,19.69725996262143,7.823097837561027,10.202793230886131,0.7587942075844136,0,healthy
SN04-0254,LOT-D,28.717733622923607,10.694024380199084,9.118084742628735,30.17758134378914,12.093783819170735,9.24277443409538,0.7072943449241099,0,healthy
SN04-0255,LOT-D,14.403630919073514,7.184668993256021,10.190749244155217,14.965925194369433,7.569769101274963,10.335008832582048,0.7063523022432922,0,healthy
SN04-0256,LOT-D,18.381620125057268,10.224725857796072,9.324257732692898,19.414494623524213,10.620770505171539,9.48252814324423,0.6095679075345415,0,healthy
SN04-0257,LOT-D,14.132659989034725,2.3915823672643612,10.085562186871815,14.46848418256389,2.524191454940348,10.193139510461894,0.47173021478974764,0,healthy
SN04-0258,LOT-D,12.029148484151706,5.8621029210381055,10.085643933708422,12.66081643779534,6.085315484216552,10.271152652197399,0.4327048048604455,0,healthy
SN04-0259,LOT-D,16.687247651184553,6.283992299924725,10.929210346405686,17.323339286004238,6.646941062310955,11.106206401699966,0.8120123338414582,0,healthy
SN04-0260,LOT-D,13.640007651533542,4.637686447350758,10.638075560618564,14.40460851861955,4.818159108008966,10.904293256706817,0.5481916297251171,0,healthy
SN04-0261,LOT-D,17.584187828693484,9.515488339767076,10.036923021025977,18.330944246256752,9.957069054800009,10.179130002512343,0.41715622660959173,0,healthy
SN04-0262,LOT-D,21.99838601540289,7.886866911811177,9.889319292659241,23.11997908963784,8.17752885745306,10.092470278507948,0.32922493186329427,0,healthy
SN04-0263,LOT-D,15.477876419125947,10.577576327553539,9.82288574093005,16.16319396687149,11.60561857747274,9.91822154605392,0.46433288899884445,0,healthy
SN04-0264,LOT-D,13.097374308704735,10.907320876212792,8.93143340797448,13.776097095170456,11.815836241448098,8.98930912084076,0.5216320240466424,0,healthy
SN04-0265,LOT-D,17.0429567431957,9.424257772925197,9.746663686205013,18.1115484473255,9.919336094224834,9.852133351743081,0.5850009258248487,0,healthy
SN04-0266,LOT-D,8.80780453858593,2.4390591458913855,10.660558201165827,9.142388719172603,2.538571044997213,10.725811360690782,0.8257767053268972,0,healthy
SN04-0267,LOT-D,15.022232736309858,3.4186703478870513,10.766990458902768,16.169107490184967,3.7060347738380153,10.831680069059727,0.3367153609993519,0,healthy
SN04-0268,LOT-D,22.21399300965206,5.08986494371721,11.267262763820588,24.2893063917567,5.460323932637363,11.530124566579065,0.9404238111094905,0,healthy
SN04-0269,LOT-D,6.964699167653229,5.28110527544712,10.850924891933957,7.22202432294629,5.4753258685667925,10.96060833451823,0.6487447493556722,0,healthy
SN04-0270,LOT-D,18.38080805020853,26.810186184589156,10.69464132926251,18.984935380676166,34.04165131138352,10.926511767191196,0.832614689862387,1,single_parameter_outlier
SN04-0271,LOT-D,10.2687341472451,2.076939167837199,10.8647006435865,10.77149391048852,2.1822445457810002,11.036426634883759,0.6827773727156273,0,healthy
SN04-0272,LOT-D,14.79930517184163,5.514789240539256,9.85369431217247,15.040638246631511,6.069272795498199,9.938260392672518,0.865283212521226,0,healthy
SN04-0273,LOT-D,13.337300993040584,7.1155740964431065,10.825219249005748,14.351985716523458,7.648778411537967,11.393397906416423,0.8030237235225989,0,healthy
SN04-0274,LOT-D,13.666912477963024,3.0359366053255195,10.405325944638129,14.692769084916867,3.6095338420582936,10.605786247217099,0.5923679550639932,0,healthy
SN04-0275,LOT-D,24.973398439751765,12.120293144558644,9.673139169404294,25.8396533867231,13.64905512693929,9.81836067242497,0.6462382543100926,0,healthy
SN04-0276,LOT-D,11.35023710955387,3.0924945364170147,11.162856849929303,12.305934250741695,3.3961829821432614,11.718327075821554,0.9231436521488738,0,healthy
SN04-0277,LOT-D,10.44772645703321,8.559604982880842,9.759124822601562,10.78312144392511,8.802254427644169,9.938365150527787,0.6995420853164582,0,healthy
SN04-0278,LOT-D,23.835380891308677,4.354321488440535,10.022216916560257,25.510513613336222,4.523600923912241,10.196227104056176,0.6856742070465703,0,healthy
SN04-0279,LOT-D,24.486754693304366,5.694318221055376,9.756845241724257,25.47174496168358,5.978880904425447,9.816639703182766,0.6767949040425076,0,healthy
SN04-0280,LOT-D,33.584011045051454,6.710442828669003,10.054485096374389,34.41819264199764,7.521863788494812,10.22434382126946,0.4318749794955795,0,healthy
SN05-0001,LOT-E,21.716885508158896,9.007907899017368,8.506192461017482,22.417136577297786,10.100922425055911,8.668395158417498,0.8216476991151476,0,healthy
SN05-0002,LOT-E,15.713654270964849,3.9566559954629943,8.618038268138823,17.792134352357373,4.175371707921219,8.678309166271422,0.16174308827866424,0,healthy
SN05-0003,LOT-E,15.51676846482586,7.152373186475645,8.835352627464388,16.56253909405102,7.606148386574769,8.953291167505188,0.7804514851036635,0,healthy
SN05-0004,LOT-E,27.280500421752528,4.9103440026682135,8.340818211558078,30.67657280542951,5.1179344216010785,8.609778100043863,0.6707642106411649,0,healthy
SN05-0005,LOT-E,17.189795528828697,5.223039129037534,8.796666407917222,18.0609621774481,5.40005411416356,8.83185307354889,0.586532148557996,0,healthy
SN05-0006,LOT-E,24.758695176951157,6.378860068164717,9.266701014095862,26.625282979433138,6.9729366187388875,9.397260057882368,0.7343649319405254,0,healthy
SN05-0007,LOT-E,27.713197763241887,11.281573760476084,8.810564169548595,36.24220522125959,14.54678179142157,9.111384512310375,0.6573493323906566,1,multivariate_latent
SN05-0008,LOT-E,16.45542550574269,3.102141635869066,8.597027159447538,17.12691013595961,3.280785261185505,8.631415268085329,0.6962599285144402,0,healthy
SN05-0009,LOT-E,15.19768109525211,4.195115279469648,8.70058730153642,15.669619680406678,4.641292305263469,8.805358796620961,0.841540626966715,0,healthy
SN05-0010,LOT-E,16.391649320277214,4.033027539417344,9.670763940284392,17.905531289891456,4.2224181280912765,9.81306912076318,0.5267165633683155,0,healthy
SN05-0011,LOT-E,18.076702009135538,4.891716456368254,8.752659426201044,18.38592848687261,5.301018164132186,8.952751026766615,0.7171449046268444,0,healthy
SN05-0012,LOT-E,24.91581465408159,5.971517161963236,8.777901906853172,26.758123106559363,6.178929901630807,8.910468405635555,0.9528297878182871,0,healthy
SN05-0013,LOT-E,29.117655510751057,13.630394054911335,8.454954746749772,31.690596644538335,16.19513230961469,8.558015051522535,0.7408098600478946,0,healthy
SN05-0014,LOT-E,30.159335373199298,3.5678267837899202,9.04494419199056,31.643378584186532,3.741534461234283,9.214666613057842,0.6590400356116646,0,healthy
SN05-0015,LOT-E,21.098423738883746,4.547145161200471,8.73302042960731,21.54456879376769,5.1481446146362035,9.02581554034424,0.8678999712473241,0,healthy
SN05-0016,LOT-E,16.750561986537384,3.340880214799803,8.389379351443402,17.31005923320738,3.5200616301654546,8.532602772315046,0.7357639469918361,0,healthy
SN05-0017,LOT-E,30.081754951240235,16.499895584093974,7.811222072631752,31.15539762640458,19.267542527817163,7.934910748270862,0.8353433924674638,0,healthy
SN05-0018,LOT-E,20.05698305610608,5.0943972296285445,9.053770249748034,21.581397228820567,5.815562312180648,9.134864161459067,0.6983560191752292,0,healthy
SN05-0019,LOT-E,20.118499468770782,18.13427859306053,8.923955865185569,20.70088756567444,19.23791455167299,9.101424775126635,0.5061660819830421,0,healthy
SN05-0020,LOT-E,20.271230670961128,5.790021293338126,8.254865728316094,23.927650511182964,6.335626166655398,8.327723225615694,0.7018116843875287,0,healthy
SN05-0021,LOT-E,17.629188095224,3.476976742146511,9.983396663695302,18.547759820732693,3.67516373945343,10.117223628734605,0.863781149082402,0,healthy
SN05-0022,LOT-E,26.01458282089576,6.281055191655622,8.509908228017064,26.901019738552623,6.4792448582508655,8.556340585677725,0.7125567453183099,0,healthy
SN05-0023,LOT-E,18.687378782899618,4.319412986182021,9.143443938429062,19.72699726478276,4.7910173716910744,9.213773805179438,0.7094827487079653,0,healthy
SN05-0024,LOT-E,24.60189403984474,5.549329728515112,8.333842978260428,25.391320657582767,5.7152163041146835,8.36717835017347,0.6699948690109601,0,healthy
SN05-0025,LOT-E,19.813864913392752,4.94998518806529,8.151491210416838,20.32189808015262,5.548916000626174,8.209651481407445,0.7291719026952437,0,healthy
SN05-0026,LOT-E,30.01342155642916,3.044786213639395,8.091811822221931,33.16362090294725,3.3995127113326475,8.139251603623906,0.8315944077505223,0,healthy
SN05-0027,LOT-E,22.093959872847552,6.715172539703516,8.313111191043628,24.09024920158225,7.205300000690168,8.391934335217096,0.6416347031304456,0,healthy
SN05-0028,LOT-E,27.044012021459718,7.385705046946985,8.570290653633025,30.019271078256878,8.052873342912235,8.627110825876505,0.5305090417196686,0,healthy
SN05-0029,LOT-E,13.174388959890067,5.329388383220633,9.126264183446006,14.391269510711355,5.778762529298894,9.200361785719464,0.9221349856676239,0,healthy
SN05-0030,LOT-E,20.072816334024832,4.545435865444065,8.665446893955817,21.439044361603017,4.813915261117424,8.789806796426486,0.4640268007352354,0,healthy
SN05-0031,LOT-E,23.347085258072678,3.3748233203481814,9.336015190335173,24.586765214657778,3.6560018132483,9.540488674906634,0.8374597121270698,0,healthy
SN05-0032,LOT-E,23.086876246758106,5.13933325978558,8.71072874751306,24.585024981364402,5.296354525304423,8.747986218513685,0.9608879350268248,0,healthy
SN05-0033,LOT-E,17.284549360755936,4.065485264793327,9.137303581195582,17.961247943614143,4.449920375307911,9.368663596016255,0.5449082506370327,0,healthy
SN05-0034,LOT-E,25.748687272565355,6.909034826730565,9.72736745801383,27.253261982054315,7.574650243874784,9.885485339334428,0.6931292457995062,0,healthy
SN05-0035,LOT-E,18.204784922339776,3.702439045767494,8.609332265733684,19.45226736740726,4.839369080077351,8.883393369710575,0.5968373995537093,0,healthy
SN05-0036,LOT-E,16.8479363418924,4.421241198494977,8.510466037829959,17.890421811955513,4.685071847637844,8.563819849804373,0.546857056545274,0,healthy
SN05-0037,LOT-E,11.756346873203594,3.0736323439822115,9.281043106779023,12.15480556504088,3.3287617822833964,9.494631159922049,0.521995382850752,0,healthy
SN05-0038,LOT-E,12.802769929237067,2.2036969185959827,9.82402387491352,13.204950683374193,2.3965341399598126,10.020859883914085,0.27659089340495235,0,healthy
SN05-0039,LOT-E,21.78934718892579,5.825168178492809,8.823396212894735,22.610265306400255,6.147230573132208,8.872794430355231,0.7059152951671963,0,healthy
SN05-0040,LOT-E,23.134521050173912,5.524118498445698,8.438300461860562,24.08995470995348,5.678062717651468,8.513356312922415,0.7203212779794185,0,healthy
SN05-0041,LOT-E,21.87978908554049,7.402229017823774,8.819472219864618,23.09215988103703,7.653101848316757,9.00076384575351,0.70082110933694,0,healthy
SN05-0042,LOT-E,24.943168223360043,8.339128787595762,9.067523995159577,27.585566358444314,9.09904886366099,9.103794091140216,0.3855196951905613,0,healthy
SN05-0043,LOT-E,31.356430643294257,6.400211117163167,8.29409737469752,32.320516099633814,6.713222156226063,8.345821513371273,0.61046437823054,0,healthy
SN05-0044,LOT-E,43.610149808312,27.58891093595661,7.5952823860700756,46.58587777484268,30.61207062443178,7.658787315026844,0.5678370331855817,0,healthy
SN05-0045,LOT-E,23.393156298613842,7.159590150843935,8.624927945702089,26.61239486939962,7.652309039357652,8.878048830225657,0.7869528392029281,0,healthy
SN05-0046,LOT-E,26.921841350698717,3.066652067416035,8.731354593297066,28.450583162487398,3.315035868400256,8.766280011670254,0.8129928629152394,0,healthy
SN05-0047,LOT-E,34.780464090412416,4.190178793422309,9.115498564104186,36.167957445501976,4.5951609473128,9.322015833195696,0.7851353611973376,0,healthy
SN05-0048,LOT-E,19.69730871529017,4.525394623340826,8.725659312073807,21.490544181608723,4.792787626215694,8.760561949322103,0.4821532178050911,0,healthy
SN05-0049,LOT-E,26.98874284426356,7.16244599670895,9.306429299061552,28.322517938778944,7.360036148872312,9.38798566414392,0.67652935885388,0,healthy
SN05-0050,LOT-E,19.242322254044513,4.512146144022025,9.557591235080732,21.392983579563225,4.733763679449394,9.644690750093407,0.6715554729567252,0,healthy
SN05-0051,LOT-E,31.976348227998383,9.371626293839366,8.877490735588148,45.04129317751983,14.23174317000167,9.6009889367608,0.7628128113624069,1,multivariate_latent
SN05-0052,LOT-E,24.46838657710733,4.95612712526778,8.362896286475443,25.789871089918257,5.05618831038871,8.467410118193012,0.43486978989979996,0,healthy
SN05-0053,LOT-E,32.42525643998675,14.78769572234579,7.323000030413033,35.731514386949776,15.862594385424297,7.456710669805299,0.8158054953813296,0,healthy
SN05-0054,LOT-E,24.43723325725584,5.465278431202998,7.600515132246409,25.75895602846926,5.708628478895207,7.630917192775395,0.7732576290469546,0,healthy
SN05-0055,LOT-E,17.593364303952885,5.681613273964556,8.817472030812173,18.646616711625676,6.292316038402709,8.931970281548946,0.5785752013505622,0,healthy
SN05-0056,LOT-E,17.705169497084682,3.4300251451640142,8.114869653191999,17.945256484900757,3.5388981640324593,8.227961976183998,0.9085655130336178,0,healthy
SN05-0057,LOT-E,13.349605786418515,4.597528042769216,9.36522940211952,14.034690701539763,4.912432914578608,9.458809129614771,0.6428981198655356,0,healthy
SN05-0058,LOT-E,24.21150027345654,3.416467770051177,9.302254637108273,25.923710285004272,3.70464496888121,9.365756919913204,0.7532319260785909,0,healthy
SN05-0059,LOT-E,24.114582644917032,5.596519952875836,8.70714822456172,25.29021391561433,6.02186907145017,8.861589321997485,0.8937624690029699,0,healthy
SN05-0060,LOT-E,20.73784330641884,3.315998264395755,8.828312477332117,22.325607511688666,3.5631416200883637,9.002543419511946,0.4638818083587007,0,healthy
SN05-0061,LOT-E,26.07182187387009,12.47165542348452,9.033003602117065,28.349754155614267,14.678041524017585,9.399491479475172,0.9036764216219475,0,healthy
SN05-0062,LOT-E,16.54671320085839,5.048093912332193,9.067478147118171,17.38819751226552,5.155476899879978,9.157148240237664,0.7841333268297432,0,healthy
SN05-0063,LOT-E,16.145365305773918,6.370344366334961,8.319071119132259,18.096684791595038,6.824902078564037,8.352347403608787,0.7960705356589562,0,healthy
SN05-0064,LOT-E,17.116929515049897,5.5640057958887414,8.412176708629913,18.14825042786338,6.420416743017959,8.663916195594219,0.9667359141177791,0,healthy
SN05-0065,LOT-E,14.992535117750162,5.006468283551677,8.63147041594698,15.625237403459533,5.220440360195577,8.81070208530938,0.9179503897169706,0,healthy
SN05-0066,LOT-E,14.319344519699618,7.707102279559371,8.856954881043729,14.980069860134398,8.593694081669609,9.020200687461362,0.9644325692827288,0,healthy
SN05-0067,LOT-E,18.067948365446465,9.987568963816564,8.348234884520394,19.282870535316537,10.946532426298223,8.459076565292431,0.5326212866238385,0,healthy
SN05-0068,LOT-E,19.959571743512125,10.009693696549672,8.83147525513328,21.741050169167615,11.540973687315098,8.968717127620724,0.7526553106863065,0,healthy
SN05-0069,LOT-E,19.310498894084233,4.535086300669882,9.527068848281587,19.778409176666994,4.8714507577287565,9.565177123674713,0.9083044915682602,0,healthy
SN05-0070,LOT-E,22.64794540447494,4.922165701431033,8.184497106702706,24.15411089716267,5.472834594730858,8.2199438016927,0.6123890629201675,0,healthy
SN05-0071,LOT-E,29.00080798167663,7.003680007224837,9.373746093475862,35.04122607951073,8.388671747235119,9.562750041505971,0.6584774977987617,1,multivariate_latent
SN05-0072,LOT-E,28.49717909965461,5.45285957694476,7.787192141022114,30.425373241928344,5.580887002720497,7.823241605354901,0.9630977056792667,0,healthy
SN05-0073,LOT-E,10.546127779824607,2.2350970528961756,9.255366462848754,12.62363275579038,2.3512891412784076,9.377799377018972,0.5892200761333132,0,healthy
SN05-0074,LOT-E,37.7835891207535,8.592362358587181,8.096430269501742,39.11484139826192,9.169976910653375,8.158763183566133,0.7981387021107965,0,healthy
SN05-0075,LOT-E,13.927882251244924,3.0733384232879755,8.401396452393827,14.472605434458451,3.3818182277725426,8.435002038203402,0.718287879180685,0,healthy
SN05-0076,LOT-E,17.212994970751275,8.920775794866271,8.411113352482495,18.57930787732893,9.442970836649819,8.498184627298688,0.7031980100977873,0,healthy
SN05-0077,LOT-E,16.2523002907125,5.312461071387863,8.751923683518708,17.701940823021342,6.364563805995038,8.917420552902112,0.6065654034908927,0,healthy
SN05-0078,LOT-E,21.07727410754516,3.3674000867812257,9.304101459577453,22.973038075815836,3.5658107976875697,9.38143902747008,0.6177820597443051,0,healthy
SN05-0079,LOT-E,21.17099609358593,4.45416124843468,8.652411099629822,22.41852349961446,4.876129263075318,8.700575747261354,0.7533978162279853,0,healthy
SN05-0080,LOT-E,13.583372073002442,4.480729691577527,8.814025402632229,13.944143727641917,4.691140749172217,8.881507217518127,0.5111253978979237,0,healthy
SN05-0081,LOT-E,19.369073228551112,9.628116681709614,8.40145089691906,19.949982951031103,9.997988551158974,8.455664595956469,0.703479127362974,0,healthy
SN05-0082,LOT-E,24.069503444345173,11.479502486007798,11.523672595266389,25.097499456618532,12.349524223664334,11.862098417611456,0.7212705198977243,1,single_parameter_outlier
SN05-0083,LOT-E,14.216469777107964,5.511297564406734,8.984393101874206,14.740720202520295,6.459875108967692,9.071651247462425,0.6701259200002531,0,healthy
SN05-0084,LOT-E,27.90670172464057,4.257738227258385,8.048290995906315,28.827433899687644,4.380504844326596,8.116599180946434,0.3608797673312513,0,healthy
SN05-0085,LOT-E,22.00212980697159,5.607048734725833,8.859837181386743,25.08164856097667,6.001688437393097,8.89527653011229,0.915515940522367,0,healthy
SN05-0086,LOT-E,31.79353335951162,7.2748979569558445,8.116755634662407,32.30076285461353,7.418479968350497,8.226253185557225,0.6105038326057296,0,healthy
SN05-0087,LOT-E,15.924187320186189,4.85167162444344,8.644804580396425,17.071747927480722,5.061879901076928,8.74369077585186,0.7579828563844047,0,healthy
SN05-0088,LOT-E,26.672682538016684,7.392747355201135,7.777610997241946,27.972875479949487,7.645640382774199,7.906875717042909,0.7692486408123174,0,healthy
SN05-0089,LOT-E,20.023372359238028,5.50931155747467,8.667466379616057,20.661464343308378,5.774778960231923,8.702136245134522,0.8557588223960323,0,healthy
SN05-0090,LOT-E,20.602423567574583,32.16655696991846,9.05938485380765,21.175623523072634,36.235911243352135,9.133489917308038,0.7582587349487254,1,single_parameter_outlier
SN05-0091,LOT-E,14.453536825449095,3.0962027789493733,9.520093548759107,15.721687062295215,3.380459506478349,9.625212009470687,0.6249359928774308,0,healthy
SN05-0092,LOT-E,19.023282413011305,3.5379401789979443,8.548795098712118,20.464856795917484,3.6731702846175867,8.656825909954494,0.7404083573775543,0,healthy
SN05-0093,LOT-E,22.29070924143981,4.330062447269659,8.89756836414324,23.25571761941368,4.5427057162654085,8.96676876144139,0.3009178086840694,0,healthy
SN05-0094,LOT-E,18.372662324681624,3.604272803881647,9.175713598522456,21.45726790433206,3.9662099457331608,9.33107373991417,0.882546151686717,0,healthy
SN05-0095,LOT-E,25.799267815250175,5.980613946904356,8.361457082935564,28.006090095109105,6.140900027241448,8.394902911267307,0.886670078362737,0,healthy
SN05-0096,LOT-E,22.119050835205993,10.448959868731091,8.435382727558574,23.888556352979823,10.92694026117955,8.608484260095521,0.7067303475580057,0,healthy
SN05-0097,LOT-E,14.863091346251105,5.458514609660256,8.045792761333363,15.669712755612519,5.80084638742408,8.1092963882555,0.917757534611658,0,healthy
SN05-0098,LOT-E,25.137812837937155,5.414529007437622,8.162806382944556,27.63798293085617,6.016524435199069,8.213577917273502,0.730939781885732,0,healthy
SN05-0099,LOT-E,23.04086298469251,4.358633445263627,8.912959037461674,23.776445744176378,4.468648933513985,8.96116732408272,0.9812731872278279,0,healthy
SN05-0100,LOT-E,22.60719914725435,24.388535233339315,8.733929747668325,23.299411497264423,27.053510155802517,8.82374256540779,0.769664570534376,1,single_parameter_outlier
SN05-0101,LOT-E,26.13502817729214,7.895748913569041,9.011996683719808,35.17482765890738,9.429488572483955,9.127340199860821,0.9516315561330885,1,multivariate_latent
SN05-0102,LOT-E,16.644307286636984,6.4782008688717925,9.76757593458578,17.16816999343667,7.2035024196123505,9.971904197889788,0.6704406226623357,0,healthy
SN05-0103,LOT-E,33.021821800758524,8.156942827239405,9.429138821570445,45.21706251333568,11.521449712453048,9.860536657791858,0.5383591697805601,1,multivariate_latent
SN05-0104,LOT-E,22.54509797634844,12.59049517666659,8.05077004832199,22.999919897691896,13.043710204241886,8.163097400174697,0.8505039236223447,0,healthy
SN05-0105,LOT-E,28.002954065253977,5.453419456416308,8.804540059690087,28.781809796264657,5.64544779606887,8.839758219928846,0.40658275721432163,0,healthy
SN05-0106,LOT-E,14.150805794586091,4.268401684848269,8.51330863505931,14.601837056237434,4.399983952214504,8.576772982083465,0.7315740477124991,0,healthy
SN05-0107,LOT-E,30.983292578526083,7.6435046375269495,8.646073650391767,32.46931367063687,8.256757284517276,8.710792270729637,0.974044154603746,0,healthy
SN05-0108,LOT-E,26.940228661116866,8.073240846838061,7.749768183837949,28.516855692435232,8.363728952090305,7.797225367525375,0.4050346050130778,0,healthy
SN05-0109,LOT-E,24.285503977980735,5.64585452277177,7.778920666901787,25.50606423474656,6.09097069582667,7.889683935664896,0.8221361487659695,0,healthy
SN05-0110,LOT-E,17.167137006322186,4.460788789424384,9.299864121251579,17.78748475247168,4.768025970824091,9.337063577736584,0.5925470016569212,0,healthy
SN05-0111,LOT-E,21.57720092014398,7.6473684198898875,8.721987921221926,22.588244874353673,8.659962141591844,8.878174457551895,0.36310932594858764,0,healthy
SN05-0112,LOT-E,20.602423567574583,32.63020804491194,9.143444926177951,23.078212675200223,35.33405739951678,9.266215682891506,0.8803883623394128,1,single_parameter_outlier
SN05-0113,LOT-E,22.736003248840724,5.305862016286234,8.019974976941755,26.481694257921436,5.469298200305049,8.104943144316897,0.7741605200033634,0,healthy
SN05-0114,LOT-E,16.180291329578168,4.193564328568335,8.126731521479973,18.11828760703192,4.746336235279748,8.159238447565894,0.5068746948328524,0,healthy
SN05-0115,LOT-E,14.217707064332597,2.6137660699089844,8.842323905303713,14.692871331756868,2.746270555550183,9.006289619650563,0.9717197423620907,0,healthy
SN05-0116,LOT-E,21.03015744827766,5.554616607585976,9.976455242449498,22.658858300001153,5.669948856378778,10.019306260860207,0.8592709984712807,0,healthy
SN05-0117,LOT-E,18.061209242809152,5.488955012986356,9.109904154404626,20.69559482794653,5.859289916873832,9.211501740585478,0.6429398390868812,0,healthy
SN05-0118,LOT-E,21.400783424887603,3.3974083525264174,9.103892286416439,21.63669610212702,3.5628212811945787,9.224254393517755,0.6620971394236085,0,healthy
SN05-0119,LOT-E,20.602423567574583,5.408391143460514,12.732782099755948,23.262344293765413,5.78925028361149,14.08142139180252,0.5943958626075561,1,single_parameter_outlier
SN05-0120,LOT-E,28.890251002071828,8.38710279703607,8.088686374576653,30.866596736187212,9.12382005586627,8.143895534538691,0.35309819449661073,0,healthy
SN05-0121,LOT-E,24.323212429114818,5.80799096989343,9.584280190192228,25.368881453618947,6.238300793460933,9.687492878622393,0.5289064333448599,0,healthy
SN05-0122,LOT-E,30.11843632038293,7.991711835816434,8.738241193815592,31.86656762257989,8.496149968128313,8.872945584551148,0.4485820655478178,0,healthy
SN05-0123,LOT-E,16.48220812931175,3.383813580348952,9.037123169114242,17.426528630226375,3.7134110519368964,9.074976322802494,0.2786828547757906,0,healthy
SN05-0124,LOT-E,20.393012716707464,6.536271432698975,9.179060032495219,22.79359574936469,6.997468047673857,9.444154747733643,0.4490352257823656,0,healthy
SN05-0125,LOT-E,22.48036237802451,4.3820210704996025,8.353022523162615,24.258682175691273,4.5793541768461905,8.389113788483057,0.7026918210656572,0,healthy
SN05-0126,LOT-E,18.88535908154987,6.729261765024069,8.318458018043861,19.608031669949984,7.555952955032782,8.361814075794003,0.3828944624522205,0,healthy
SN05-0127,LOT-E,22.748790576806275,7.276872543616686,8.5194710128334,23.395049358049143,7.716539886861789,8.615039106840154,0.26183510211856365,0,healthy
SN05-0128,LOT-E,32.16149065260353,4.853066925872165,9.11007904777627,34.94840783068812,5.112255494957695,9.175844709439554,0.49175664041156963,0,healthy
SN05-0129,LOT-E,13.838753837220018,3.3917232827379187,8.439843256467308,15.470358520815076,3.5520336723400363,8.512436916120011,0.3816151845948426,0,healthy
SN05-0130,LOT-E,33.820385383739264,7.59502846803986,8.289358360868489,33.95566692527422,7.974729896859695,8.344451426863396,0.617307582369256,0,healthy
SN05-0131,LOT-E,19.228669404293427,5.44328207989144,8.503264981845183,19.901870225702325,5.642224976677795,8.56810307361985,0.8159505841783344,0,healthy
SN05-0132,LOT-E,40.419642215945856,4.881479159771741,7.8394913330937595,42.03870749041743,5.223107868916544,7.9245055618895615,0.7214301228081523,0,healthy
SN05-0133,LOT-E,22.594987044148276,8.5423084014571,8.429151717622469,23.302898913240895,8.823848892958507,8.498012654967862,0.6950284716624686,0,healthy
SN05-0134,LOT-E,24.134875563950242,7.003043223290204,8.86437809591914,26.267078960587465,7.112895155627517,8.98137901842797,0.6751959129749416,0,healthy
SN05-0135,LOT-E,16.198905080668876,3.4036039739555726,8.30620970654952,16.938839489344055,3.557236733240548,8.385535364200777,0.9569716756638378,0,healthy
SN05-0136,LOT-E,19.616561390176795,3.1922410336674467,9.32042591344187,19.918218847021144,3.40223552451066,9.363961234798213,0.7509863101703993,0,healthy
SN05-0137,LOT-E,19.465777815275455,5.914020890056101,8.800602969144538,21.08883500166604,6.296980092868509,8.937124413367947,0.7523493482135221,0,healthy
SN05-0138,LOT-E,21.65408583961332,4.968293243554863,8.767295705313085,24.165232053982287,5.467035372284937,8.823293908767642,0.5805943078051397,0,healthy
SN05-0139,LOT-E,14.149480837268836,3.0984305991738137,9.185078424784747,14.345877736233597,3.1857246897257263,9.236338264536366,0.6387259624846555,0,healthy
SN05-0140,LOT-E,29.14815309794841,4.8704856657748925,7.773169436047962,31.159450234465773,5.312553707893236,7.804750634148635,0.8005423814500191,0,healthy
SN05-0141,LOT-E,17.59094116058975,5.7799827691516645,8.146683852883262,19.748758100993953,6.193614533399076,8.233710632771812,0.7165867232414996,0,healthy
SN05-0142,LOT-E,20.549643297569144,4.773959844247161,8.789925914160532,21.74660941731406,5.57267426317203,8.858849748375354,0.6452364891092105,0,healthy
SN05-0143,LOT-E,30.66823346550064,6.261626632563843,8.239204720955136,34.049289613737486,6.578246063143573,8.345949054388685,0.559728018483843,0,healthy
SN05-0144,LOT-E,22.584160424659245,4.344617536203587,9.01388967330641,23.54610862213801,4.491790866168796,9.116570034357922,0.5975728809128233,0,healthy
SN05-0145,LOT-E,20.928465210202177,5.584962836390669,8.312960241786243,23.33224112931515,6.187653116155466,8.425736913043487,0.7434459145786501,0,healthy
SN05-0146,LOT-E,32.66600399937421,7.594271399754488,8.883448219719412,35.56230399632292,8.589032812286089,9.069714487469273,0.710635371012627,0,healthy
SN05-0147,LOT-E,17.93993153459715,4.521816857408189,8.860745725289084,19.0510392240034,4.621315436580235,8.923520540939814,0.8223774215539775,0,healthy
SN05-0148,LOT-E,20.663856942727207,4.344305372013167,8.036236204700744,21.373618319702057,4.685561460468828,8.068381149519547,0.9553427068487886,0,healthy
SN05-0149,LOT-E,19.88404437935774,5.033332622149951,8.202530207146882,20.953408595903195,5.718069986620019,8.471213177585183,0.7106461235516354,0,healthy
SN05-0150,LOT-E,18.361011318808448,4.444748090619333,8.140626515069577,18.628043577641467,4.683322681137098,8.229218574766866,0.3811412681333732,0,healthy
SN05-0151,LOT-E,41.63890480453972,6.3867057478331,7.688430465729112,44.27459844760604,6.454156422804011,7.719184187592028,0.47713184871221326,0,healthy
SN05-0152,LOT-E,21.860312321623447,8.701772787220415,8.15040035543084,23.165742310810533,9.112399885108559,8.221455298062706,0.4884981779998224,0,healthy
SN05-0153,LOT-E,13.795198490754819,4.517937091472207,10.020033719788882,14.513380315396795,4.6687609847659655,10.133051906903747,0.7253858691381481,0,healthy
SN05-0154,LOT-E,19.401746998769944,4.826655078912857,9.33643716792865,20.326240814396293,5.4466696420862295,9.373782916600366,0.6933127125161131,0,healthy
SN05-0155,LOT-E,14.025651060016846,3.8796133286602497,10.017216899935194,15.59934416394065,4.102947326686388,10.137699296499623,0.8106122139332818,0,healthy
SN05-0156,LOT-E,26.453693689341424,4.872209188362299,8.698958752240925,27.95719881075866,5.063318186851567,8.792460806054798,0.7656782902209395,0,healthy
SN05-0157,LOT-E,23.019143495938856,6.4453235940562275,8.396317317248595,23.88051842651795,6.685459094720575,8.490564421153593,0.44848015574632916,0,healthy
SN05-0158,LOT-E,15.206319009247375,6.630103123133797,9.147954764167856,15.907128720142873,6.955539276767749,9.217939968213976,0.7296943031672374,0,healthy
SN05-0159,LOT-E,13.748186892727366,3.1704337172880446,8.921470049969786,16.359373461796753,3.426237075548403,9.088017959770385,0.8325013161526224,0,healthy
SN05-0160,LOT-E,17.023488782633077,3.8623631039722186,9.290081956916692,18.617522440079583,4.050751404194261,9.410159274568313,0.4315934659122075,0,healthy
SN05-0161,LOT-E,24.893320860261777,11.502525441966228,8.726175103662698,26.332321442892628,12.349937678379856,8.996096726906101,0.3445196930436481,0,healthy
SN05-0162,LOT-E,22.88448783756895,7.238099722593867,8.924179255346484,24.43711751458293,7.620116504567573,9.083338674538894,0.4031884600707737,0,healthy
SN05-0163,LOT-E,15.658452449644477,4.639271402817261,9.437104373407141,17.147992336797113,4.767809255666956,9.533073127438168,0.5298667017378982,0,healthy
SN05-0164,LOT-E,18.714563878100908,5.958741996496463,8.972888138473552,19.460992901330016,6.400318105389495,9.022730890593477,0.4876820965329884,0,healthy
SN05-0165,LOT-E,18.32699985452884,4.408586207687448,9.493993732316419,19.076124031099326,4.7273311883871765,9.531969707245684,0.7431702233390411,0,healthy
SN05-0166,LOT-E,19.547412282281353,7.18472073193774,8.440371588396307,20.478906340869887,7.674032291044183,8.49875870407057,0.8156143500765145,0,healthy
SN05-0167,LOT-E,18.890354199128254,4.290513915754544,9.723495916054116,21.10185006634096,4.520131129718236,9.834586672985543,0.5218388443562274,0,healthy
SN05-0168,LOT-E,15.885838429195353,5.355633907393021,9.158033258383286,17.76881675267516,5.797886194614878,9.331614478127186,0.511253855055916,0,healthy
SN05-0169,LOT-E,27.99150441745788,5.970449102049841,8.292850213273802,29.580806097898154,6.584198905909007,8.384004129142955,0.32105296999866906,0,healthy
SN05-0170,LOT-E,18.877019668106257,2.6000323106529692,8.537084396094182,20.52359742012485,2.724567909979287,8.616608713115843,0.4082459676568179,0,healthy
SN05-0171,LOT-E,18.734030727443752,4.747608206037185,8.546360431224349,19.884206558954837,5.179630528209242,8.580545872949246,0.7651866267215306,0,healthy
SN05-0172,LOT-E,27.732774543381744,7.018754285990932,8.643066444161278,36.59668048859237,8.112101301046627,8.945806204659373,0.630598227885921,1,multivariate_latent
SN05-0173,LOT-E,14.167585052187459,2.971777906327281,8.881313356793518,15.353555374077905,3.2123214101009188,9.01164652258084,0.7838804530309245,0,healthy
SN05-0174,LOT-E,15.462758318553817,5.941835549669116,8.332379947182298,15.812452504592182,6.374060583935283,8.476937452839536,0.7632276560257242,0,healthy
SN05-0175,LOT-E,36.20316769961728,13.94082810010279,9.790376794610177,56.57814613427626,24.693556661894796,10.482123734500648,0.539165369113756,1,multivariate_latent
SN05-0176,LOT-E,13.559205528544018,3.0021856669703655,9.19270384441856,14.46041140185049,3.1278863489523845,9.267646834480741,0.5352505824193212,0,healthy
SN05-0177,LOT-E,24.830761734905675,2.3419213130122314,8.765126590399444,25.606898798313853,2.4140525683522385,8.800187096761041,0.7394865110076881,0,healthy
SN05-0178,LOT-E,22.18896583518889,5.647054112603634,8.223447308043598,22.829795774919155,5.815910213146563,8.289121616386904,0.7482038471292146,0,healthy
SN05-0179,LOT-E,31.814796548406203,14.850866610641365,7.507281430119035,33.261955659054784,15.615242100268823,7.592602867815836,0.5435968603182452,0,healthy
SN05-0180,LOT-E,18.6153044142557,4.39602179207464,8.130090092549812,20.192378277581312,4.665866109956017,8.343893869111273,0.6474976667547753,0,healthy
SN05-0181,LOT-E,21.13625399335487,4.473597231819644,9.642100970786004,22.5999268579915,4.587674550093686,9.762083688956178,0.9679125170341042,0,healthy
SN05-0182,LOT-E,15.675378515927909,3.3627171439013104,8.46071896503032,17.317884103594704,3.554365032593242,8.494561840890443,0.46806634595933644,0,healthy
SN05-0183,LOT-E,31.14897213882685,6.477777203968144,7.928430568766808,34.28516444188782,7.266659134658635,8.039327302677156,0.9248120366256776,0,healthy
SN05-0184,LOT-E,14.942418615222334,2.9479982594858676,9.57259324760893,15.577195437658297,3.1493093600914444,9.649819193263404,0.8380533594610424,0,healthy
SN05-0185,LOT-E,17.039361184584845,3.2417996872704196,9.13384395033626,18.225123377018477,3.4248942224010803,9.248773352378167,0.6903234562207108,0,healthy
SN05-0186,LOT-E,18.98744543026947,7.24804866413496,8.443892736519794,20.1268937513966,7.3908924487663725,8.477668307465875,0.6549913420296959,0,healthy
SN05-0187,LOT-E,13.702269556441601,4.263592475245973,9.08587383122939,14.705328869242896,4.580857128869487,9.165682422564297,0.9609290631763668,0,healthy
SN05-0188,LOT-E,14.336414163227797,5.816460545428612,9.174665537938456,15.584266255626217,6.34644070479226,9.211364200090209,0.8547537364183253,0,healthy
SN05-0189,LOT-E,23.635132815780043,6.248150163066022,8.15483651076103,25.41764816457847,6.5482961210827,8.260616556159535,0.6992750710902472,0,healthy
SN05-0190,LOT-E,18.671718100529365,2.848835963211816,8.161224118745814,19.418966694168038,3.0456712802956556,8.280997655105185,0.8949972629965476,0,healthy
SN05-0191,LOT-E,22.555514668466444,6.194925714975959,8.747374009861979,25.750637517792264,6.608387158560657,8.956039505757678,0.6822096803589497,0,healthy
SN05-0192,LOT-E,27.146622986015654,6.90327356531935,8.354263235804222,30.88427140815223,7.501549006317777,8.592657629440717,0.47937055038681364,0,healthy
SN05-0193,LOT-E,18.05833314549044,5.075076244882044,9.189523059825973,19.33298782888184,5.32592682797025,9.389402747341295,0.5867823545625122,0,healthy
SN05-0194,LOT-E,29.7247257356759,4.261678510188249,8.095550211434249,34.14101533622848,4.757225071518696,8.162277949250226,0.730104463760191,0,healthy
SN05-0195,LOT-E,12.457773306034646,4.823249946501718,8.771926043373078,12.919839367362924,5.056013955116568,9.029709345448952,0.7175616433381895,0,healthy
SN05-0196,LOT-E,16.648344993723036,5.899019306992914,8.855730796034985,17.24773887873779,6.228916185291035,8.898913090722129,0.9483569280185878,0,healthy
SN05-0197,LOT-E,14.932925294819098,6.575107232131457,8.580027600296486,15.60072481226031,7.827056781671828,8.633067847315202,0.8421080888735157,0,healthy
SN05-0198,LOT-E,18.37460720709111,5.328570195994757,7.836828109439657,19.749794602909898,5.877276627136186,7.908349002774677,0.9107746001044108,0,healthy
SN05-0199,LOT-E,18.676717685364423,2.935000406239977,9.118573021851663,19.812816501352824,3.03690248909943,9.1686018382985,0.822472093244676,0,healthy
SN05-0200,LOT-E,33.90427855754571,12.728171479984661,8.684004590970634,35.12916902801097,13.570725901071318,8.76251356051713,0.7739120636859145,0,healthy
SN05-0201,LOT-E,23.922936533307706,7.646089517316108,8.9682249624003,31.278278839743464,8.13668053884412,9.112505832121666,0.2839955005089375,0,healthy
SN05-0202,LOT-E,20.72824782574244,5.917474238084451,8.810493158860657,21.613787085620913,6.126976703568288,8.93753659305758,0.6721627097379961,0,healthy
SN05-0203,LOT-E,16.738918716240164,4.327589136008622,9.123368775987576,17.700495921662945,4.497686219209583,9.159862251091527,0.5231330206991595,0,healthy
SN05-0204,LOT-E,27.140094962275448,5.677275661071183,8.845162622741915,28.39975094222476,6.038924532522523,8.969905240379415,0.8090757674143272,0,healthy
SN05-0205,LOT-E,13.338639296767838,8.926252869329549,8.45267870564197,14.31023904017402,9.7905919978463,8.505234482320013,0.6575287895723092,0,healthy
SN05-0206,LOT-E,22.296058919959577,4.736282489112729,9.206383830108662,23.30672354393167,5.180891265138156,9.328657903518017,0.7311199214098306,0,healthy
SN05-0207,LOT-E,16.230835386878603,3.040975180592505,8.808349559950779,18.071641639426115,3.449327393049104,8.88309618256057,0.777122781504607,0,healthy
SN05-0208,LOT-E,41.786928489067634,9.498200827350217,8.407921123617518,43.536889319316366,10.060225344804174,8.441552808111988,0.5418580123309187,0,healthy
SN05-0209,LOT-E,12.86519565100497,5.0851603766906655,8.459139219748346,12.961235567303387,5.277736345230669,8.590895861954705,0.790074821297672,0,healthy
SN05-0210,LOT-E,14.84048195283417,4.3239953923694445,8.7635535795926,15.364310300774674,4.393893733909292,8.837867862212489,0.6486690145019518,0,healthy
SN05-0211,LOT-E,14.022351374956042,4.72027670544295,9.621318952257095,15.712177790318476,5.6355447679786685,9.856388496341038,0.7658997104740393,0,healthy
SN05-0212,LOT-E,9.765499113063004,2.5046432123151883,8.676488562468931,10.56692753840859,2.5865986242569705,8.747506962555898,0.5706359034891859,0,healthy
SN05-0213,LOT-E,16.444204877682214,3.4134287095405114,8.880904904996951,16.79162710843901,3.6895836570628524,8.91642852461694,0.44546336207241777,0,healthy
SN05-0214,LOT-E,22.55759979114037,3.4513985388709063,9.748815078006459,25.409711117219395,3.7021726345710904,9.7942900785218,0.5661605696663907,0,healthy
SN05-0215,LOT-E,28.727468396851602,7.372721015610096,8.821546890178666,28.992509001985145,7.62311975490047,8.856833077739381,0.45591858824829395,0,healthy
SN05-0216,LOT-E,17.11696075238353,4.0218913117691955,8.561852911045069,18.082892609931513,4.265036325461189,8.627782540782338,0.5065987790077272,0,healthy
SN05-0217,LOT-E,20.579602455582357,4.1425788073606595,8.701843251398442,21.551786557205215,4.360738150783237,8.918411332228297,0.8273626378366018,0,healthy
SN05-0218,LOT-E,19.7918243215415,5.768713160086722,8.58548204418318,22.33948392031269,5.88858153987722,8.715233093886807,0.8568109879975553,0,healthy
SN05-0219,LOT-E,26.644769308306792,6.834168435133041,8.942184938449362,28.3167346070733,7.403722435878896,9.05946092472952,0.5674985283950945,0,healthy
SN06-0001,LOT-F,31.282332638936623,16.40133357903418,8.963202886403796,35.46697951346601,18.48958406889501,9.06088995895053,0.458559483449355,0,healthy
SN06-0002,LOT-F,13.487656774072374,11.08399530827157,9.596306643024347,15.078934560970778,11.367549510878426,9.649773101608268,0.8702005767976109,0,healthy
SN06-0003,LOT-F,14.927837107763754,6.368645258731187,10.099073709670606,15.385567603110644,6.538950766559312,10.14809015644873,0.710641186848692,0,healthy
SN06-0004,LOT-F,15.998251786957159,10.353887656030228,9.236806131566434,16.71880953858564,12.071468765442297,9.332922123558236,0.7088072671889747,0,healthy
SN06-0005,LOT-F,20.21394999546144,11.892537380731293,9.073546869506623,20.52370657797761,12.302196112031124,9.268816077829923,0.5230211939943572,0,healthy
SN06-0006,LOT-F,21.915755343066916,9.388420883350637,10.240913052398271,25.168440548004746,9.77614124802202,10.318947329058862,0.5884013316315866,0,healthy
SN06-0007,LOT-F,25.874967209247654,12.511234455125683,9.371967845273234,26.717607330777764,13.029064315338333,9.417480976609752,0.668782837635992,0,healthy
SN06-0008,LOT-F,25.374479366647503,5.99030060028225,10.934884674239775,25.920055700060548,6.491451962758544,10.978624212936735,0.8342669089976521,0,healthy
SN06-0009,LOT-F,21.196624834189937,6.662069496104985,10.058368291513432,22.584349994506063,6.896082920624455,10.144810008496036,0.8479170370524394,0,healthy
SN06-0010,LOT-F,42.303532270638605,9.846887781334487,8.918219342904782,43.600461758480414,10.489759633278439,8.958378181765834,0.5097637679042464,0,healthy
SN06-0011,LOT-F,17.23961531264036,5.130780477112656,10.693809142620141,18.489470811291678,5.461599529530006,10.826271178723392,0.8584920820809143,0,healthy
SN06-0012,LOT-F,14.509712460526766,5.168481905324105,10.050897182088303,15.262137887686828,5.279658148675949,10.181914794486664,0.6553724515675969,0,healthy
SN06-0013,LOT-F,18.3755909422053,7.708602432570297,10.190684648662778,20.31636130776264,8.074807744632697,10.302186816194755,0.8429507290931438,0,healthy
SN06-0014,LOT-F,17.771489087820743,7.536784000225253,9.873725243075462,18.902461065300358,7.720681810256133,9.913220144047765,0.28766055642597455,0,healthy
SN06-0015,LOT-F,19.217139773235633,6.78495127045567,9.758645342340433,21.562808694969835,7.304187785008605,9.80407655216552,0.7913169865625972,0,healthy
SN06-0016,LOT-F,14.715702965336812,6.43614847559708,9.834108641765535,15.565949316939145,7.185494828281405,9.889746371606645,0.42448757743240695,0,healthy
SN06-0017,LOT-F,26.945690040250412,10.193055137478991,9.471733822422657,27.920206788757,10.453849749282583,9.509620757712348,0.7269963929874776,0,healthy
SN06-0018,LOT-F,10.794835595804729,6.018224281567121,9.951515385119146,11.047364791365172,6.209520661695596,9.991321446659622,0.5514093662530758,0,healthy
SN06-0019,LOT-F,11.58542967045633,6.625925945395843,9.659150489280258,11.88597414901041,7.523347406865474,9.738171327296401,0.7537047400136372,0,healthy
SN06-0020,LOT-F,19.930611607959722,12.078044540054695,9.553459405916305,22.859973655842186,12.361667832617885,9.62186463172817,0.8393396882858709,0,healthy
SN06-0021,LOT-F,18.643474112981785,13.23470526568135,10.172968986086333,19.595617833998798,13.622983897369714,10.213660862030679,0.7711620868133561,0,healthy
SN06-0022,LOT-F,11.859154970829819,4.607542983381734,9.52301749094536,12.373629213788078,4.906600956043311,9.561170322327413,0.7279869857528064,0,healthy
SN06-0023,LOT-F,22.02096920564907,11.474615019648903,9.941019160810823,25.00911600031342,11.98754809567488,9.980783237454066,0.5714325737864404,0,healthy
SN06-0024,LOT-F,88.58473886983703,9.7526409309975,9.965193630493978,94.80221390365492,10.3448052406827,10.044886689667933,0.8712285997256639,1,single_parameter_outlier
SN06-0025,LOT-F,15.057988994926577,6.493999104493878,9.871979023976914,15.606115089446307,7.054289262771642,9.911466940072822,0.4634232310935864,0,healthy
SN06-0026,LOT-F,21.297188297199675,5.702248350081327,9.490985955283167,22.91650187821803,5.806349857776492,9.536615492699317,0.7936105867633003,0,healthy
SN06-0027,LOT-F,31.074715822462434,11.126985261518584,9.988179358000266,37.25025017235051,13.464312712378371,10.180458601191194,0.6473660907607358,1,multivariate_latent
SN06-0028,LOT-F,17.68643099584125,8.32908768109463,10.001305104459737,18.623017345250574,8.461710808071638,10.087252231224138,0.40310238338871784,0,healthy
SN06-0029,LOT-F,22.22866118596895,2.9875258076509286,11.059186916117442,23.875343820591542,3.1250598079793033,11.18369669557399,0.5571540360040258,0,healthy
SN06-0030,LOT-F,9.612421968140636,3.7604063702861366,10.174680191885042,10.162071772157923,3.9380051533307157,10.284937374985448,0.7503451174212973,0,healthy
SN06-0031,LOT-F,19.653170190293398,7.714379342812009,9.678742056503125,20.78181282378833,7.894533294132673,9.717457024729137,0.4880848228269607,0,healthy
SN06-0032,LOT-F,28.651914607258952,9.17182830310213,9.575639952175322,32.07786214498671,9.7421190278651,9.671337499881862,0.7587209281985751,0,healthy
SN06-0033,LOT-F,18.977248212413016,11.637848409423595,9.411115407288033,19.873822535785465,12.221703781930156,9.564467705709104,0.6607028080487947,0,healthy
SN06-0034,LOT-F,13.362743813439387,4.449638098159907,10.34188333095506,15.15096361182727,4.579069291731795,10.488663951766009,0.30071138107132556,0,healthy
SN06-0035,LOT-F,15.814421334786594,7.93288666920853,10.516633974434306,16.410347938996996,8.095563406761146,10.558700510332043,0.9661376618247646,0,healthy
SN06-0036,LOT-F,15.928622820879433,4.221438331670134,10.967336814872173,18.70934806515752,4.474853044206673,11.011206162131662,0.7234561575380691,0,healthy
SN06-0037,LOT-F,20.362850350438016,7.562125339930361,13.558357923543339,21.00041064506324,7.758206740864577,14.30447516522667,0.5115699080247069,1,single_parameter_outlier
SN06-0038,LOT-F,27.35650435609299,12.624647784645749,8.6953673970995,28.51193038463094,13.307323477975254,8.730148866687896,0.6790962547878477,0,healthy
SN06-0039,LOT-F,36.10086540680058,9.326764659634271,10.166796782849078,39.83336265607576,10.094988149397603,10.266345271632265,0.42287468228947733,0,healthy
SN06-0040,LOT-F,13.366050906327834,7.36481056891355,10.13840939360533,14.76702479268271,7.71004990431095,10.3008417817807,0.3171247905106941,0,healthy
SN06-0041,LOT-F,16.294919686795637,8.014773679570265,9.719645276174655,17.441849711813095,8.170037972901488,9.880893283545156,0.5964129585028641,0,healthy
SN06-0042,LOT-F,19.506409997563573,5.8170567201785826,10.360442939346171,20.296896978198387,6.133762693823909,10.47411476571873,0.6238059634310088,0,healthy
SN06-0043,LOT-F,14.890523694068504,9.86653771573053,9.54823260713523,15.470800197325968,10.048450253269065,9.613036701722459,0.6261624230722891,0,healthy
SN06-0044,LOT-F,15.00530020670305,2.7849491525547183,9.48870782779131,15.86246679931377,2.918889294647456,9.542715697828958,0.8414289020073797,0,healthy
SN06-0045,LOT-F,16.743924642376623,9.157103513739068,9.241522968185143,17.09976647997743,9.36678193806586,9.323236804042029,0.36444077745826525,0,healthy
SN06-0046,LOT-F,19.126532541768288,6.184747134172606,9.502907315062956,20.81762038296125,6.3713380686932535,9.613540175425422,0.7630190585523532,0,healthy
SN06-0047,LOT-F,18.563751307398885,13.122999803960228,9.6660100087026,19.44815819795608,14.13606572958597,9.70467404873741,0.965882362352679,0,healthy
SN06-0048,LOT-F,23.067357479426192,16.326201119233787,9.170388406199885,23.546404134538353,16.632627756817183,9.207069959824684,0.4075203208576931,0,healthy
SN06-0049,LOT-F,17.430987413806626,9.128257836353225,9.47060312573325,17.685255107246284,9.31191149031724,9.508485538236183,0.7324507661083264,0,healthy
SN06-0050,LOT-F,22.967963038285756,10.048897889828304,9.155224706975991,24.95932290423273,10.242148554796284,9.191845605803895,0.5011374662365417,0,healthy
SN06-0051,LOT-F,48.66582470168392,26.445732806115398,9.291144432625321,50.49323546089823,27.1757332181464,9.328309010355822,0.6686669304086826,0,healthy
SN06-0052,LOT-F,23.855139326077715,4.5771583225298675,9.540024106990572,24.383985501748036,4.776492518096392,9.578184203418534,0.357576162062265,0,healthy
SN06-0053,LOT-F,11.074310301385124,3.404246209963068,9.777444591537588,11.360124000105158,3.653568698477951,9.885734124566811,0.8075097672900897,0,healthy
SN06-0054,LOT-F,31.169026618530168,12.000688804823548,9.689677731672136,33.56082876247,12.357338936207174,9.760012596757312,0.7683737514625626,0,healthy
SN06-0055,LOT-F,18.827729739863138,9.934824759855866,9.937079445722699,19.400355209161912,10.376905995469606,10.049996857594781,0.7090233308520915,0,healthy
SN06-0056,LOT-F,23.81930209203336,6.900594516627336,9.220349095546972,24.56026494902909,7.131176089578659,9.25723049192916,0.6438030186654919,0,healthy
SN06-0057,LOT-F,16.90236691954871,3.757451511646065,10.061493276056543,17.476527014363942,4.0164342834707965,10.10173924916077,0.6939001012478998,0,healthy
SN06-0058,LOT-F,20.795238756620602,7.545558285710666,10.64097288279094,21.706425691706478,7.633090917804322,10.822298731923167,0.8352574234817984,0,healthy
SN06-0059,LOT-F,18.4529937508422,5.528561366624596,11.04133540084749,19.508744736554128,5.785051772576245,11.085500742450881,0.9083051646517974,0,healthy
SN06-0060,LOT-F,18.538433689863986,6.2662337464666455,9.999068674702084,19.746788862278006,6.632854845725717,10.055817884363146,0.6025454689298438,0,healthy
SN06-0061,LOT-F,31.91774772496142,14.516003376235926,9.675835611558458,35.47225705753163,15.412260395246372,9.809609486495845,0.38337278590338303,0,healthy
SN06-0062,LOT-F,23.19809574133523,18.4205069325226,8.882213323188342,24.093524594869553,19.555703325531976,8.977434822169224,0.5080258282404347,0,healthy
SN06-0063,LOT-F,18.659145715975463,7.290195641326987,9.831010728084362,19.268666814125726,7.772737104934463,9.870334770996699,0.43741224099315645,0,healthy
SN06-0064,LOT-F,37.530662455011864,8.529407571348418,9.638410395248227,38.90542489901233,9.392279319354634,9.67696403682922,0.8295738343820754,0,healthy
SN06-0065,LOT-F,15.817354214739845,10.85049391320402,9.823782243561988,16.20441356620358,11.057758251978925,9.863077372536235,0.9176192477990855,0,healthy
SN06-0066,LOT-F,14.11029956089897,3.9254655784039305,10.05687258154886,14.449234510927981,4.208632137191938,10.130459001647528,0.3586441816056975,0,healthy
SN06-0067,LOT-F,27.343772035503733,4.287050436093309,9.851610570577929,29.72035890694343,4.488863184352086,9.89101701286024,0.6092238131748098,0,healthy
SN06-0068,LOT-F,45.76434305265467,7.61342506370505,9.150003584155979,47.77180573316342,7.9653486850916195,9.186603598492603,0.32477732331761733,0,healthy
SN06-0069,LOT-F,30.099780542902106,8.694303982499333,10.256309259695545,31.069899666930446,9.329521069064176,10.341033587621224,0.9361960806861451,0,healthy
SN06-0070,LOT-F,18.568985643331146,12.807296711957958,9.98067531225185,19.265321432012012,13.741019926238396,10.13553359038256,0.33251327388265967,0,healthy
SN06-0071,LOT-F,23.096753405868355,7.9136664126196985,10.21849369594954,23.695007748857144,8.165624040400894,10.259367670733338,0.8316833661600057,0,healthy
SN06-0072,LOT-F,27.696443378297563,14.24819382368191,9.449803976404016,28.993951403916267,14.735359422060757,9.506626770709033,0.7783490592528136,0,healthy
SN06-0073,LOT-F,33.810255047130994,8.43120507269345,9.594132222703806,38.52919974040842,8.840070130663916,9.672278841573277,0.2652902596152706,0,healthy
SN06-0074,LOT-F,27.560605243217175,11.851316596451765,9.85387512888473,30.452571071442676,12.35739437110055,10.000715317780305,0.45315009176352267,0,healthy
SN06-0075,LOT-F,23.02272776366937,9.140736438554763,9.21308824523521,23.624198860986464,9.43668931651161,9.274355426617225,0.5860714519390998,0,healthy
SN06-0076,LOT-F,21.152257326438416,7.773830011737423,9.566236437649785,22.06620941855992,8.313364450665423,9.692796858049874,0.6104695265873517,0,healthy
SN06-0077,LOT-F,21.10277126465055,7.662015992166406,10.371036331171112,25.48939930297895,7.974548470479781,10.462721328182973,0.7492893618212862,0,healthy
SN06-0078,LOT-F,25.5933473076882,7.357204651015975,9.841816892671686,26.769972590078165,7.78041345731286,9.994605002486095,0.6546573863067106,0,healthy
SN06-0079,LOT-F,17.10060106899199,5.363188998486555,9.741730783978308,17.593478607235422,5.753876400827639,9.780697707114221,0.515675937070288,0,healthy
SN06-0080,LOT-F,29.79779103118067,10.32812213844657,9.745855210732083,32.5258018182228,10.760688417306195,9.784838631575012,0.6034747645405435,0,healthy
SN06-0081,LOT-F,12.892330181391777,6.180097114685165,9.716378884911915,13.794960879642735,7.071683969753814,9.89222653304234,0.6041528025837598,0,healthy
SN06-0082,LOT-F,20.307762847892164,6.318632735672153,8.813041736010407,21.590522637973653,6.5471648116507595,8.886693536742571,0.6791775126927583,0,healthy
SN06-0083,LOT-F,11.962968920711216,4.70141987249675,9.433337457454302,12.201386638177093,5.2914615921354695,9.526637131681747,0.6244752703582536,0,healthy
SN06-0084,LOT-F,23.893807592235504,6.268714775665433,9.864640043590036,24.91369042375566,6.689176249791298,9.976919954837353,0.1363360261447446,0,healthy
SN06-0085,LOT-F,25.046527120044367,8.075514291371618,9.342270453381765,26.97915203538147,8.71910025392223,9.380237081722191,0.7275444077008646,0,healthy
SN06-0086,LOT-F,6.5552721899999495,4.190483904215362,10.541834693902029,6.746173498250765,4.6057176201529435,10.598116487432986,0.7017406659831597,0,healthy
SN06-0087,LOT-F,19.652996288496272,6.368258326261098,9.129448793492609,21.707402432657013,6.451989266813394,9.174159688898046,0.651325432256753,0,healthy
SN06-0088,LOT-F,13.716489495968442,9.918911939109828,9.346583398044318,14.144140649908952,10.517345361301466,9.457217493932022,0.8426252145803922,0,healthy
SN06-0089,LOT-F,26.55627486752652,16.108505434659307,9.267554750644694,27.713306491641067,16.826282998343324,9.344822649602289,0.6559073801558657,0,healthy
SN06-0090,LOT-F,24.65868096430822,10.21404797285651,9.997948927163925,31.32669750025866,11.747350434651256,10.13052684701305,0.8188597809070595,1,multivariate_latent
SN06-0091,LOT-F,21.91123509098178,11.16731639716195,10.213220776709178,22.628852764589865,11.653300852759994,10.307355307407686,0.7921351643513211,0,healthy
SN06-0092,LOT-F,15.674471887928958,6.799165977789303,9.47440555611821,16.39463329670157,6.977090715822815,9.579840730409833,0.7961077372298014,0,healthy
SN06-0093,LOT-F,20.971163337831886,7.813967489901445,10.053013621840835,22.188300992806802,7.944683941387401,10.123562183908508,0.7830542942331243,0,healthy
SN06-0094,LOT-F,26.12675166904049,8.651811239667142,9.115595998804942,28.2699276481815,9.162351242323972,9.152121250262159,0.9682383702817867,0,healthy
SN06-0095,LOT-F,16.42414266788656,4.65542126770363,10.018102010418659,17.113559021676192,4.9852572647661075,10.069775647998155,0.8753256632452465,0,healthy
SN06-0096,LOT-F,34.127958878966425,8.874915890950561,9.920840371958231,35.359612152457935,9.309890038734409,9.989623674191947,0.4298784452485333,0,healthy
SN06-0097,LOT-F,26.080467239267968,8.56783215378679,9.802862688657966,28.144504107040625,8.994296692701123,9.888313648494432,0.7748481762976922,0,healthy
SN06-0098,LOT-F,15.747195511601623,12.156782001243734,10.236617211735647,16.3940774367194,12.501312221391695,10.27756368058259,0.8526392635488772,0,healthy
SN06-0099,LOT-F,29.202722947980487,7.408588883722276,10.041419102913967,29.98296738799486,7.570673109093938,10.146070852152784,0.4212346236207088,0,healthy
SN06-0100,LOT-F,22.236548930824917,7.148848403545615,9.700880702249165,24.293471652301818,7.426908757559935,9.795586122242746,0.32341806620974906,0,healthy
SN06-0101,LOT-F,20.147028135373613,15.556082444454383,9.31196882978967,21.154116798041755,16.542574082511845,9.350786847401483,0.6330119022042603,0,healthy
SN06-0102,LOT-F,30.723004628176454,9.20625493264143,8.993619492027326,31.42154845103091,9.802029013087983,9.029593969995435,0.662134493230289,0,healthy
SN06-0103,LOT-F,18.301903803228225,7.49256366482046,9.110539047129443,19.3270161667546,7.70338412047877,9.234220539677873,0.6364873518717241,0,healthy
SN06-0104,LOT-F,12.086691790488372,5.835759985217817,9.303152159268055,12.50535888999255,6.0767003143399085,9.404079679596496,0.7912627911044027,0,healthy
SN06-0105,LOT-F,15.58343361980928,8.429536838810407,10.019924128841517,16.34983192172859,9.217614615055304,10.0624807459275,0.6464441265806071,0,healthy
SN06-0106,LOT-F,32.063782446654265,5.935398052531828,10.672205912844799,32.50281138178959,6.037130718153895,10.714894736496179,0.9414048692788274,0,healthy
SN06-0107,LOT-F,26.720507995020327,34.12077832421148,9.582661098147328,28.647204144654772,37.78539011322137,9.752510247095113,0.2885140500531715,1,single_parameter_outlier
SN06-0108,LOT-F,30.551390091190587,5.531281104034965,9.8341088441139,33.36358384229042,5.694614030399681,9.92175297268834,0.6748410933180401,0,healthy
SN06-0109,LOT-F,17.864100480976965,8.827914493928812,8.98863359725552,18.730696046711756,9.387393958879509,9.086928090757105,0.8304098021965348,0,healthy
SN06-0110,LOT-F,18.037665347057203,8.794220383332265,9.078463517199406,18.454445458235785,9.187887865664509,9.200474442751233,0.955302581805613,0,healthy
SN06-0111,LOT-F,10.138965650887052,7.359773457061457,10.026192395410439,10.475785590846973,7.719073756659341,10.113719049620721,0.6609711228888542,0,healthy
SN06-0112,LOT-F,22.308571242089414,5.035817749352807,9.60875513375423,23.638516912833317,5.4424944320695365,9.703310860386775,0.6404800611578542,0,healthy
SN06-0113,LOT-F,42.859661141391484,11.291170036334941,8.342932716473285,43.89430190232386,11.756815578029169,8.421289885730626,0.5842781240298593,0,healthy
SN06-0114,LOT-F,17.964252122088205,8.772442009576693,10.505102819303433,18.383371540419592,9.344786032002977,10.62480188002353,0.9130425422269879,0,healthy
SN06-0115,LOT-F,21.23201362043654,12.568076282985787,9.46921848060775,21.443923243522722,13.061119894242065,9.60679505989915,0.7020700466126912,0,healthy
SN06-0116,LOT-F,26.725438479538123,4.976282367295854,9.287083341077428,28.11821353466007,5.088448230744404,9.360908649083958,0.5255201476663728,0,healthy
SN06-0117,LOT-F,45.56060748098459,20.91090482852625,8.750204152626502,53.22518767539863,21.827137026875175,8.785204969237007,0.6874441979392251,0,healthy
SN06-0118,LOT-F,18.440009984474756,5.769536789596421,9.594195538586305,18.890642862553687,5.950065175590151,9.63257232074065,0.9369784830788014,0,healthy
SN06-0119,LOT-F,14.234515050572734,7.76243114276903,10.069254808838519,15.530343824561923,7.964016043374113,10.211645220164865,0.8031772635752908,0,healthy
SN06-0120,LOT-F,18.760372353873205,12.69591455714011,9.484326031750333,19.430492066729435,13.36859428287446,9.596914486094567,0.5408570400515081,0,healthy
SN06-0121,LOT-F,32.47634798013455,5.403767650006092,9.382402777370054,33.532996456202774,5.792344920912336,9.430768767261997,0.7189935927732635,0,healthy
SN06-0122,LOT-F,8.11974739247557,3.5686134318081772,10.709060895409264,8.75530704076011,3.719648811436608,10.751897138990902,0.5162150926831623,0,healthy
SN06-0123,LOT-F,15.220931921547985,5.75069122768375,9.490849801783929,16.569137886144674,6.033523944073682,9.58567631815771,0.7632718184465414,0,healthy
SN06-0124,LOT-F,56.20270194437537,8.842407994640645,9.122909299695706,60.60075307765148,9.5646694810325,9.21728255827016,0.9186342405006912,0,healthy
SN06-0125,LOT-F,29.439487637377635,15.697222995717528,10.183358523756416,37.25959887270563,20.082298554393976,10.384068724512057,0.7402398279512976,1,multivariate_latent
SN06-0126,LOT-F,46.5374033434104,13.887154352825949,8.8358491624256,48.444869538852366,14.27715202388073,8.871192559075302,0.6463432237982176,0,healthy
SN06-0127,LOT-F,25.890764242183238,5.723940451796159,9.786343118485089,27.514690884880604,6.185215119208085,9.865465536542835,0.9078845027921681,0,healthy
SN06-0128,LOT-F,37.82900014623061,11.895806629474524,8.967524464487967,41.46820402142547,12.835577083543498,9.01181843223602,0.7720369487240325,0,healthy
SN06-0129,LOT-F,14.665346942806858,4.552260257902518,9.62578573985055,15.362270769411927,4.668416182168542,9.664288882809952,0.669116115555721,0,healthy
SN06-0130,LOT-F,15.271264138323694,4.596616173386428,9.868300867578998,17.144231496237303,4.6887913444009754,9.994146570439897,0.7618441252132547,0,healthy
SN06-0131,LOT-F,22.82333123566481,6.66306989612458,9.116272158906341,23.846364320068417,6.90626645285574,9.19521964326266,0.1325785137418236,0,healthy
SN06-0132,LOT-F,23.87998507435427,11.45881641968385,9.554588326404986,25.20205216617073,12.056700848920942,9.661404200628349,0.889721361255947,0,healthy
SN06-0133,LOT-F,12.641589524769628,5.013108910412348,10.586012066247507,13.36087597915845,5.125092084625729,10.666896899525744,0.5131252900767871,0,healthy
SN06-0134,LOT-F,17.431916050093136,6.377217842329697,9.568830912747101,18.10160702134775,6.408205791980176,9.657679329381818,0.8880974200532066,0,healthy
SN06-0135,LOT-F,39.945872848882,5.653374280755411,10.132772005483707,47.88296305751892,6.053785963284057,10.269574946330177,0.9164126012090267,0,healthy
SN06-0136,LOT-F,34.83658943728159,13.264874620492995,9.734366627237204,44.54814227375713,17.35301644191181,10.094463042531524,0.7165226724180012,1,multivariate_latent
SN06-0137,LOT-F,25.922624676248553,6.1645138678246365,9.61466781361702,27.508094223687333,6.380597363768061,9.684152696558607,0.6964354322946722,0,healthy
SN06-0138,LOT-F,16.94119250774773,6.6071856871050025,10.030558963069959,17.85560446897038,7.0600933176401135,10.07068119892224,0.550761891214198,0,healthy
SN06-0139,LOT-F,57.53994993275667,13.363092034432857,9.351378587558035,61.909480653898875,13.6329329453692,9.388784101908266,0.6369998598169155,0,healthy
SN06-0140,LOT-F,12.763235380947512,7.263105765960581,10.096174417117874,15.208416262493056,7.419781559836495,10.187748424467536,0.5312641537667315,0,healthy
SN06-0141,LOT-F,12.827643193389868,3.3034804511334848,10.52910309566851,13.184752231573198,3.4280675445779374,10.594632431426376,0.6437661195363942,0,healthy
SN06-0142,LOT-F,9.338100486691008,7.487943211354492,9.360984631785898,10.405614811702925,7.862826052558239,9.48082779745776,0.6986720575120645,0,healthy
SN06-0143,LOT-F,21.87123168046604,7.0037585806383955,9.873913809526178,22.191946765889575,7.319526366995452,10.01085626407256,0.7419769439477023,0,healthy
SN06-0144,LOT-F,18.207715303147147,6.620957255331117,10.705716318564189,19.852715742240314,6.9227569932542075,10.75865595948473,0.4798318730577094,0,healthy
SN06-0145,LOT-F,19.51613870125723,15.361239101220738,9.734512168693396,20.613016465110814,15.974813606135664,9.77345021736817,0.4649470794357757,0,healthy
SN06-0146,LOT-F,37.47559549175769,9.902457667047779,9.667391575982897,38.52951191624197,10.206563724268777,9.78529172957067,0.4317668163152379,0,healthy
SN06-0147,LOT-F,15.775517359676666,9.495431492261938,9.92885429742484,15.910328200529078,10.02048571284092,9.983370605428043,0.8346950073604114,0,healthy
SN06-0148,LOT-F,22.34763544402833,7.150185332430931,9.565436443608462,23.263212215193874,7.418304131178379,9.646215986728029,0.8448736540643658,0,healthy
SN06-0149,LOT-F,20.36583129425451,8.354166891986768,8.877612020311494,21.482915905894696,8.6723927053419,8.91312246839274,0.6402090743228496,0,healthy
SN06-0150,LOT-F,38.75875172415301,11.532946017298617,9.290061229728847,40.16206469665614,12.033554406804306,9.327221474647763,0.8269895253479032,0,healthy
SN06-0151,LOT-F,21.772930673431578,7.641426037963426,9.924192805418228,22.60168069054087,7.775423958030694,9.973676737047061,0.8644184546954783,0,healthy
SN06-0152,LOT-F,26.98528736749848,8.782031316886275,9.869493267726618,27.75150069130478,9.297013702693203,9.908971240797525,0.7162810525637264,0,healthy
SN06-0153,LOT-F,22.780954953004034,4.94840373707282,9.753149068955175,23.661863015223144,5.1576791517756035,9.807053869422639,0.7861564864283095,0,healthy
SN06-0154,LOT-F,18.572012888191985,6.31788802191929,9.336917536213013,19.398930569811238,6.400753632492001,9.400105444688824,0.923516689947594,0,healthy
SN06-0155,LOT-F,33.846889373404665,11.153768811132863,8.853714351373863,37.358855407692275,11.670319932566455,8.9179319125361,0.8194912517158452,0,healthy
SN06-0156,LOT-F,13.515859275476902,6.133371253053478,9.5527536810514,14.039889187773907,6.400846373615838,9.64052814249658,0.518764493203683,0,healthy
SN06-0157,LOT-F,12.214661780038488,6.163249250572272,9.291144924971153,12.474514508592323,6.340910550972785,9.348713434636814,0.4647964864156701,0,healthy
SN06-0158,LOT-F,34.312584897165046,6.6460180945986185,9.442621746386795,36.02894391053909,6.914439983458042,9.493695932486707,0.8815859496269586,0,healthy
SN06-0159,LOT-F,19.1824545976974,6.691232042905801,10.06098495356796,20.28275254772226,7.082336568036721,10.190203815068326,0.8787143639599072,0,healthy
SN06-0160,LOT-F,17.522518356451815,9.413191955887346,9.40507206793652,19.362949240466953,9.813293098532105,9.591661563206486,0.2569123433241312,0,healthy
SN06-0161,LOT-F,27.352238183775505,5.699177273942058,9.664704756957581,28.901488275420412,5.778899228642615,9.703420443958864,0.7078398198579118,0,healthy
SN06-0162,LOT-F,41.461544691598945,13.267749564092382,9.413229139723535,43.33606110166716,13.786899946813374,9.518055767773774,0.8384664631069816,0,healthy
SN06-0163,LOT-F,27.35065815482589,9.857387149058379,9.303428639747468,29.870015220006177,9.94878868006567,9.366852243453083,0.5721659650901156,0,healthy
SN06-0164,LOT-F,27.18097994381372,8.120142694485878,9.43004930125802,28.017527093511475,8.484513995606022,9.504786341169558,0.8981683494692887,0,healthy
SN06-0165,LOT-F,20.083735263382714,6.428200314878903,10.066751063618547,20.948900233825782,6.589999376669575,10.107018067873021,0.7541108905179016,0,healthy
SN06-0166,LOT-F,20.362850350438016,9.893564685586595,12.923570928353742,21.75311006286958,10.26409601978879,13.401161144399277,0.9017361501638061,1,single_parameter_outlier
SN06-0167,LOT-F,41.05405212478827,7.833367221076831,10.609588900753575,45.96861594478052,7.995600886204895,10.798950192349812,0.8415706104130609,0,healthy
SN06-0168,LOT-F,9.647920318258432,5.304883465839933,9.664072284759975,10.946702726863428,5.551195172305323,9.702728573899014,0.7007477094271437,0,healthy
SN06-0169,LOT-F,23.94467405274329,7.505157456780517,10.067964223082251,26.586585645559637,8.233199643661694,10.132597681292557,0.9189361476295148,0,healthy
SN06-0170,LOT-F,20.29950877598185,4.8400495141090785,9.598274594157669,21.31856070751553,5.2413256031885815,9.64701338497763,0.199168895159918,0,healthy
SN06-0171,LOT-F,19.89656826541247,4.719158601627753,9.757560573831705,21.088484518148086,4.793652908182918,9.835651399390972,0.8601529284431763,0,healthy
SN06-0172,LOT-F,22.469439457631005,7.24872343789255,10.333735577699702,23.729158294119262,7.490628164044326,10.532024259811791,0.7735332129059243,0,healthy
SN06-0173,LOT-F,25.136994850222543,14.83723007667789,10.08984085722602,26.522551761663287,16.199111207150885,10.130200220654924,0.8749994534845676,0,healthy
SN06-0174,LOT-F,22.487683681319094,10.000208160367922,8.942523803892572,23.50259452998764,10.530804769462076,9.024628705763869,0.7488523677973611,0,healthy
SN06-0175,LOT-F,23.594137802961633,10.870293984947715,9.207291126862417,26.778670240912152,11.114860353399594,9.312020711126051,0.7854493319938921,0,healthy
SN06-0176,LOT-F,20.754610148265787,5.541680969857025,9.730469140103823,22.451583066751784,5.73699796780608,9.838526064531598,0.5160649544708266,0,healthy
SN06-0177,LOT-F,18.46462904556606,4.245050295190723,10.222156889549638,21.901620026392756,4.462880392939807,10.266659649814383,0.6627746321967606,0,healthy
SN06-0178,LOT-F,19.639680100769805,3.83439673838826,9.242109728492517,20.250677564630138,3.91944429660415,9.288959623376309,0.6297275517562939,0,healthy
SN06-0179,LOT-F,12.220692113057593,5.8961802754605595,9.847320610615524,12.812290069075617,6.237766241479479,10.073540912887932,0.3330376335072684,0,healthy
SN06-0180,LOT-F,14.141711451077864,6.860076104193842,9.112874102116121,14.693029058112424,7.237560334815498,9.149325598524586,0.9073028740515523,0,healthy
SN06-0181,LOT-F,45.342520647707374,10.478131394886317,9.194689700461419,50.758090788586664,11.002355322112415,9.241810677492174,0.8941040773478706,0,healthy
SN06-0182,LOT-F,26.402383443652663,7.622396479169676,10.108790891076708,28.09412984940437,7.823510217368107,10.20106295927875,0.7326284711899419,0,healthy
SN06-0183,LOT-F,13.04647140331678,6.536878029932389,10.284511168774202,14.347038337189861,7.258788906631422,10.395076903597191,0.3312122888104147,0,healthy
SN06-0184,LOT-F,36.834873998087886,6.302664858508827,9.51532094740077,39.576208483624676,6.579192710916994,9.553382231190373,0.6088063372120264,0,healthy
SN06-0185,LOT-F,21.621208086679722,6.160770417890368,10.343325865541498,22.21830376675032,6.416025713832164,10.384699169003664,0.679904882100515,0,healthy
SN06-0186,LOT-F,29.48838429816287,8.291194317041384,9.432831711300347,31.612668412343822,8.422698641249283,9.470563038145547,0.33993525515203554,0,healthy
SN06-0187,LOT-F,16.223854744223388,7.854765956457691,9.830464978182748,18.112218059284185,8.090950174865137,9.907275143852909,0.6378689367333106,0,healthy
SN06-0188,LOT-F,35.56309348966195,8.9136049473881,9.052313997554679,37.848743785508546,9.354365165236107,9.184298419590236,0.6761699811600591,0,healthy
SN06-0189,LOT-F,13.740617174075092,6.422564666804163,10.677599523560636,14.055730068504756,7.015750693593799,10.79031976495426,0.9461582090343599,0,healthy
SN06-0190,LOT-F,11.043105851224626,4.215032104007851,10.145339482502864,11.403193648455417,4.306114133558793,10.185920840432876,0.8610665202442356,0,healthy
SN06-0191,LOT-F,11.047343147625911,6.471975612663317,11.032928748269459,11.831652429492886,6.751544563106068,11.119670488440878,0.22897812022778075,0,healthy
SN06-0192,LOT-F,37.49017347858409,14.747859532219511,9.989400884279123,39.33416851858511,15.148120390327124,10.074035862707087,0.9891772582366457,0,healthy
SN06-0193,LOT-F,27.738933615871918,9.804913912128416,9.777805549394296,29.794946023673187,10.03177068685279,9.816916771591874,0.8006557526861272,0,healthy
SN06-0194,LOT-F,19.540710741723313,8.631971429993794,9.692727922573917,20.647019409808184,8.854851333930371,9.798229197542188,0.5831943627171733,0,healthy
SN06-0195,LOT-F,23.195084789404653,8.899175943424764,9.255212451254728,24.501423444766825,9.35704686149789,9.320021229680737,0.7729399670183871,0,healthy
SN06-0196,LOT-F,39.359755160821145,11.055159698955226,9.01529863256703,41.46912300039567,11.229832613090894,9.092052810031563,0.5470938181278786,0,healthy
SN06-0197,LOT-F,21.94257032832486,10.01621653128308,9.678922758396611,23.780948768727328,11.14930582685662,9.717638449430197,0.2744405593281452,0,healthy
SN06-0198,LOT-F,18.74223225041723,5.5373866238763245,10.17117198218813,20.06453201361838,5.870459339077861,10.444185962794789,0.41952932113977104,0,healthy
SN06-0199,LOT-F,30.861572174638578,8.443357625506673,8.86583814252419,32.158475110143186,9.505872086643663,8.961123278172305,0.4716735404643885,0,healthy
SN06-0200,LOT-F,5.981889686118822,6.067955502049634,10.007075070126389,6.289460810970331,6.414073420199227,10.091956858756168,0.7708755429758603,0,healthy
SN06-0201,LOT-F,19.89912772880125,5.133745181212234,10.517419531925952,21.038423853959152,5.487893178001247,10.616209810926295,0.33499339578485,0,healthy
SN06-0202,LOT-F,14.912481947347779,5.985963113080576,10.64495780442256,16.13024437674836,6.5456115117156575,10.68753763564025,0.7812043662558273,0,healthy
SN06-0203,LOT-F,14.090197238280407,5.410360119274671,10.320994086394832,15.13517592974278,5.584530557954912,10.36227806274041,0.8349289627113554,0,healthy
SN07-0001,LOT-G,19.203194631464605,15.773370164839498,8.56523055528194,20.274801588190737,16.867877359881145,8.64459475110961,0.7933908456737682,0,healthy
SN07-0002,LOT-G,22.165119446251254,7.872757139720875,8.896846587440665,22.80840168719194,8.077372976765961,9.006965621541939,0.6787161769584727,0,healthy
SN07-0003,LOT-G,16.372932997020712,17.55277668491892,8.67805491882368,16.87219287710461,18.758331950604575,8.793288111658036,0.7911603922572608,0,healthy
SN07-0004,LOT-G,13.545207569431128,7.30705281358331,8.683675813242502,14.693329421795239,7.655985005748604,8.746390621095708,0.5580664525739635,0,healthy
SN07-0005,LOT-G,18.9166354350547,18.842942932970395,8.149640222646623,19.49746748968836,19.61299195320661,8.242447240394066,0.7441809160065386,0,healthy
SN07-0006,LOT-G,25.542300859709627,8.512281629461596,8.465288147462621,27.69722131042243,9.218870606536116,8.52595508245633,0.5902688879398148,0,healthy
SN07-0007,LOT-G,24.129113235014486,16.416897667488108,8.887709724547047,24.996954759807306,17.27124635352765,9.047683704945815,0.6168234070331543,0,healthy
SN07-0008,LOT-G,16.881615329597718,10.321309419781066,9.751180024782519,17.72363718187736,10.832194937560608,9.87277317110099,0.3889215994031473,0,healthy
SN07-0009,LOT-G,11.443351054082708,10.858342102007079,8.70082152392169,12.14617258208738,11.370272633620614,8.902309655909574,0.775561424742804,0,healthy
SN07-0010,LOT-G,16.044684209774854,7.459848087203499,8.886382112434228,16.640571118124264,7.760464147080935,8.961853889714268,0.4062762088606534,0,healthy
SN07-0011,LOT-G,18.720337126152707,12.464954499246854,7.698905939408723,19.61756701653798,12.907838445767068,7.854479982548479,0.7784256006787184,0,healthy
SN07-0012,LOT-G,10.674981535822566,10.366410043914483,9.130067983834005,11.769247360563032,10.822709376462939,9.194596309587437,0.695227253049234,0,healthy
SN07-0013,LOT-G,14.46332067250825,6.586751200336318,8.981404840011283,17.85394627672307,6.785967133115126,9.150402501390374,0.7751745733404051,0,healthy
SN07-0014,LOT-G,11.198585033200404,11.14663263356886,8.847951688147145,11.906116308202504,12.108502020599962,9.04148841386767,0.5425212167885903,0,healthy
SN07-0015,LOT-G,17.956109982482023,10.710957573887821,8.315677523228514,18.590444982479895,11.79189620023145,8.428039209616625,0.7577676728371353,0,healthy
SN07-0016,LOT-G,28.41617823530905,9.144670666169107,9.41481757154014,29.18115544903967,9.504529046843373,9.575724124265705,0.7882823547026252,0,healthy
SN07-0017,LOT-G,13.283220081921343,12.08263694080927,8.954697187406351,13.687652871269028,13.408830126763647,9.299387748113848,0.9462208118149565,0,healthy
SN07-0018,LOT-G,19.685984468683653,13.426516832138502,8.59862970484658,22.804374740647553,14.328411456996312,8.933581340924105,0.8228558696222457,0,healthy
SN07-0019,LOT-G,13.81426945509028,12.708980591203579,9.197839081356685,14.282952112269616,13.35267045399567,9.31682941095932,0.6645611141290462,0,healthy
SN07-0020,LOT-G,11.432471062359944,11.94737347282994,8.733654491473535,11.906364098696624,12.416772010996382,8.840061271399973,0.667150854814951,0,healthy
SN07-0021,LOT-G,17.552590233409944,7.2283209178873555,9.133149753312082,18.579099616998782,7.636974411578886,9.169682352325331,0.8095581470278986,0,healthy
SN07-0022,LOT-G,13.254091784867546,6.11595465677485,8.684323699482453,13.426347851193176,6.355329626904911,8.881247209930798,0.5416503181665078,0,healthy
SN07-0023,LOT-G,26.466705988892958,11.322962304909362,7.83018641820738,27.02334380249974,11.929304747467617,7.999060322562866,0.47859403447527615,0,healthy
SN07-0024,LOT-G,19.919605138321444,7.648279390952122,8.119907261089603,20.769295766157217,8.076432758984541,8.298164208419442,0.9378682292239264,0,healthy
SN07-0025,LOT-G,14.220969887878418,8.398374674345026,8.350334096164335,14.90103270658546,8.712967459835951,8.404515247214427,0.7068674852663991,0,healthy
SN07-0026,LOT-G,17.575645843405308,10.220586296086532,8.516475018167547,18.3226672262211,10.537371625924694,8.59002722374414,0.5048299300906756,0,healthy
SN07-0027,LOT-G,18.322499283865714,11.443204032730234,9.073010454527175,20.064521351368306,11.92369281172201,9.160374686488868,0.6267475373413177,0,healthy
SN07-0028,LOT-G,14.581598015627023,12.673004263320712,8.733356052497422,15.110855510797645,13.144393805200169,8.896537891509368,0.7343155002929773,0,healthy
SN07-0029,LOT-G,21.973662129349393,15.051639987024746,9.403399854110765,27.216008641080425,20.025858855874436,9.84655953878218,0.6261464538653144,1,multivariate_latent
SN07-0030,LOT-G,9.047152323392464,7.531677226401738,8.416991442071035,9.48512754913849,7.703428308237526,8.475154111557512,0.8657428753861416,0,healthy
SN07-0031,LOT-G,18.41993119475299,6.651714723550784,8.480789888384049,19.442072758134287,7.8134873439088155,8.749785498521362,0.5361250536803421,0,healthy
SN07-0032,LOT-G,18.92219076691031,5.661403794584939,8.829689912730347,20.206985813623124,6.166563394829593,8.983078769851208,0.9187338267315293,0,healthy
SN07-0033,LOT-G,7.725127109978765,7.461309240276232,8.94299155811587,8.31186268625301,7.734179481967226,9.085981739899582,0.36292785501729546,0,healthy
SN07-0034,LOT-G,23.449708947343094,16.50238980268687,8.923961333413287,26.5356693830024,19.56622013943472,9.047046274683705,0.4412895833978625,1,multivariate_latent
SN07-0035,LOT-G,12.093449875619225,11.19677245886738,8.752719066643108,12.897585730149121,11.89698115070416,8.850519970136494,0.939869231510569,0,healthy
SN07-0036,LOT-G,11.722369515237784,5.980946760453687,9.511080034538683,12.309556372904385,6.256936886623117,9.576076799514569,0.8666545450238577,0,healthy
SN07-0037,LOT-G,18.533753336476472,8.424185564115547,8.702454075814746,19.59235452632641,9.478943854906513,8.783604661831031,0.5006610489333525,0,healthy
SN07-0038,LOT-G,14.758821045215752,8.758854146128405,9.429041729405247,15.656462988932411,9.02495931806902,9.470288745282721,0.5831325894920386,0,healthy
SN07-0039,LOT-G,31.03401317354028,9.292799216638281,9.073394246470539,31.82986293904002,10.290581127713473,9.139556041167653,0.45349975880219096,0,healthy
SN07-0040,LOT-G,15.707674486317606,9.302883468188774,9.041394920224485,16.065310940512514,9.553716420729154,9.126404332954232,0.7492502741381146,0,healthy
SN07-0041,LOT-G,16.30689404040886,12.049103743345269,9.09739295345826,17.060046950753808,12.309432065466234,9.285587540438131,0.5077597085367074,0,healthy
SN07-0042,LOT-G,22.23990273273998,11.31723765548437,8.828883568136535,22.653231641955387,12.735405793197113,9.07966486251107,0.4604044538722492,0,healthy
SN07-0043,LOT-G,12.012145536463983,8.071021429915042,8.735332893930035,12.364229769154734,8.340835819010435,8.816145413929119,0.6737843846826163,0,healthy
SN07-0044,LOT-G,16.995123668725984,9.214299500299703,8.975188881034768,18.428508730806357,9.434845993343359,9.011089636558907,0.6178279629074019,0,healthy
SN07-0045,LOT-G,16.46564563624165,8.84938326462875,8.62140067029827,17.853164830163955,9.383868741125925,8.741603142055757,0.601827377063218,0,healthy
SN07-0046,LOT-G,14.841997498985034,7.028800953991515,8.847974172462303,15.502456008425105,7.565844977659972,9.010571119592235,0.8956301379752507,0,healthy
SN07-0047,LOT-G,19.09598248622709,16.11795718307978,8.860041474619962,20.257974477661577,16.836633220633665,9.138977908100246,0.4427729587187381,0,healthy
SN07-0048,LOT-G,11.33894110017378,7.252513221922781,9.343067687797504,11.92492113079853,7.6424410624891195,9.570933632671817,0.7456493723168484,0,healthy
SN07-0049,LOT-G,13.644700253765727,4.538767047313353,8.773354714396019,14.291737026228287,4.642669768384875,8.937552954641783,0.9621247359706728,0,healthy
SN07-0050,LOT-G,9.721054385007163,7.867191894597467,8.602416896832425,10.16085395592173,8.102948555063685,8.716671379119541,0.6363775478747808,0,healthy
SN07-0051,LOT-G,12.739698302036325,13.345076227985157,9.483795608423755,12.958035642889367,14.232602024583349,9.52173079085745,0.4430211050673073,0,healthy
SN07-0052,LOT-G,20.043871308634845,7.604935383346527,9.10650071094126,22.470322365069496,7.8756913078728195,9.20773373689396,0.7968578067221946,0,healthy
SN07-0053,LOT-G,13.762087277706758,11.739138231499789,8.552910630926634,14.3204042415577,12.103208757125111,8.617262071516917,0.6931172408924805,0,healthy
SN07-0054,LOT-G,10.782092349338786,5.5996341693865626,8.841714669784228,12.068537725211966,5.8922585707713235,9.018741435757835,0.8439858479399153,0,healthy
SN07-0055,LOT-G,23.538310418371246,6.81382983592541,9.106437952860112,25.374060334528743,7.138342926942145,9.30481455130553,0.9588288495516678,0,healthy
SN07-0056,LOT-G,16.323416482833984,16.695828226250406,8.29325950899428,17.008902630679795,18.247794379566102,8.480244992478426,0.5337529263818026,0,healthy
SN07-0057,LOT-G,17.309307784916346,9.316859335979329,9.105525710763013,18.994183940020363,9.858390102087757,9.188599298342544,0.8812216037779238,0,healthy
SN07-0058,LOT-G,12.582535408312408,11.259881693844912,8.971512911372557,13.902590898261739,12.051527418782808,9.007398963018048,0.606321409375003,0,healthy
SN07-0059,LOT-G,19.92160195499924,8.048635703822498,8.884888315035381,20.505795970912768,8.575855788822565,9.186079890545155,0.6418110022485456,0,healthy
SN07-0060,LOT-G,12.13801415421653,6.855738053387704,8.860881472505197,12.640795173470261,7.116789513080177,9.05308101963185,0.4656370735894179,0,healthy
SN07-0061,LOT-G,12.567233862881485,10.034128147489175,8.820660410431923,13.301047478316349,10.375346862588122,8.91738399267247,0.616060684704525,0,healthy
SN07-0062,LOT-G,12.472013740916369,7.572530169185601,8.538176772262746,12.76274112731866,8.379026515240705,8.702377355593521,0.9044534195889031,0,healthy
SN07-0063,LOT-G,23.597204510071293,15.622191591088404,8.751792636463517,23.90567129528349,16.986758415862894,8.930131206926,0.7998422499431402,0,healthy
SN07-0064,LOT-G,15.659780432532122,13.82138961302485,8.797492041452312,16.09606343551409,14.196962549417863,8.94880571522856,0.6585923270442222,0,healthy
SN07-0065,LOT-G,18.15787874303746,11.014806974588472,9.0077195991656,18.60238307944573,11.378043053160741,9.097407757033059,0.4672446594880572,0,healthy
SN07-0066,LOT-G,14.570626783773811,9.711522866120124,8.477286340109607,14.9663098103869,9.939495441599611,8.532643869643746,0.6817999169764922,0,healthy
SN07-0067,LOT-G,12.702064487037772,6.260344112932606,9.282065130368421,13.029897423309365,6.799151710557045,9.428986398650233,0.36299777512064674,0,healthy
SN07-0068,LOT-G,19.95870026135862,16.217514236108155,8.338492695599214,21.449823177945383,17.440282210407073,8.50003420202892,0.3511331989180093,0,healthy
SN07-0069,LOT-G,13.022236872926802,7.9399009966785306,9.472117478380895,13.236711658872258,8.19841326250781,9.606449076321812,0.36066618998647243,0,healthy
SN07-0070,LOT-G,17.232378726271275,9.532953687892432,8.14516016538908,18.70832767908753,9.799767350701819,8.177740806050638,0.7802271511826547,0,healthy
SN07-0071,LOT-G,30.394779424805815,15.19820849230516,9.677830161557434,46.585658536058205,24.842006443082596,10.197402514241197,0.9037076420382167,1,multivariate_latent
SN07-0072,LOT-G,18.69271548362447,16.413045191669926,8.304531746834465,20.506113928771832,17.195835538686186,8.593766509176499,0.5736256751338465,0,healthy
SN07-0073,LOT-G,21.753013734334267,8.754037070830723,9.113504616489964,22.105792522154143,8.833365461671907,9.2466608123891,0.5824557483136118,0,healthy
SN07-0074,LOT-G,17.51316951186571,12.153005303882436,8.757788854917989,18.651467968021837,13.54992836356239,8.94076873573707,0.5734274901625168,0,healthy
SN07-0075,LOT-G,19.50205714085241,11.932131508074237,8.357517368619131,20.75353545128636,12.573108433690882,8.44089980462387,0.8593871420278766,0,healthy
SN07-0076,LOT-G,13.342801565467846,11.712100588119295,9.132125096026817,14.094277315329636,12.031864945762596,9.28825302108851,0.8538640111228591,0,healthy
SN07-0077,LOT-G,12.714107999128972,11.019242748635673,8.557642473437422,13.445120648633699,11.735528934707846,8.651243989314205,0.6194128494124251,0,healthy
SN07-0078,LOT-G,17.19571194004512,16.760567708057874,8.116195090171345,17.662787590655125,17.076032332704163,8.14865987053203,0.8806379318612739,0,healthy
SN07-0079,LOT-G,10.973725692426793,4.448390882030699,9.008456560181923,11.420622280007791,4.6823617022062205,9.04449038642265,0.9043321073088719,0,healthy
SN07-0080,LOT-G,25.016125460556406,16.734616936221975,9.089868275978336,25.997703187960468,17.418514291047174,9.264438792662908,0.6539860868073378,0,healthy
SN07-0081,LOT-G,11.924965631778777,9.248590415276812,8.514780504206199,14.172463636754882,9.785201823179127,8.580113633119117,0.7879162600222633,0,healthy
SN07-0082,LOT-G,15.437893447119867,13.89184320160459,8.859310756033553,16.22394682975179,15.091957441371408,8.93465755497728,0.5884389684613526,0,healthy
SN07-0083,LOT-G,15.803066038093052,10.015155025445821,9.028263763930456,16.381377015919444,10.398770879452181,9.12743122610319,0.7932537387406395,0,healthy
SN07-0084,LOT-G,17.20451728715986,9.746779430665613,9.204101126161087,17.60631264069962,10.210203413181581,9.32774658664397,0.7022144897447696,0,healthy
SN07-0085,LOT-G,16.461221354433253,10.107665191242026,9.407574672935784,16.879113999127362,10.515913188814249,9.492843561275896,0.3453324803382331,0,healthy
SN07-0086,LOT-G,10.88474416868499,15.061022820797733,8.63060989554251,11.386548355758613,15.231987913323024,8.736834515541323,0.5698044086453221,0,healthy
SN07-0087,LOT-G,21.954036759600253,15.926844019148923,8.516536979787817,24.826442229072644,16.665506170243084,8.811384951732583,0.3962087315400681,0,healthy
SN07-0088,LOT-G,19.808182858306434,10.490110084081817,8.430046376959309,20.888719217454412,11.102840807711857,8.67931348526397,0.9043560594039401,0,healthy
SN07-0089,LOT-G,15.340896332214564,11.135852094670275,9.372556697428598,16.253342387293397,11.586666162503983,9.468134402794469,0.5577774468181954,0,healthy
SN07-0090,LOT-G,11.829758770442737,6.365700662308976,9.190827790635515,12.624375232167305,6.63508741391837,9.47395308529171,0.8669917706987924,0,healthy
SN07-0091,LOT-G,15.600201104983142,13.843386053981842,8.718117241454364,15.82167659223082,14.567069860345494,8.777197209218878,0.6750264385196056,0,healthy
SN07-0092,LOT-G,19.237483813237198,10.33882907404797,8.592837587628178,20.952982318418854,11.665291780062844,8.653525596491994,0.8404352742320256,0,healthy
SN07-0093,LOT-G,15.598600685240246,9.143790173411881,9.59024752742913,16.232599045489458,9.463577549095513,9.628608517538845,0.8585356045822891,0,healthy
SN07-0094,LOT-G,18.23557552726496,15.768832490031151,7.57070507654832,19.760204223683687,17.29881889891908,7.65357773086267,0.6897851332204331,0,healthy
SN07-0095,LOT-G,11.397972377040157,5.983624529401196,9.146088901803331,11.72470957992037,6.274184913586197,9.207467945835528,0.7322304729495431,0,healthy
SN07-0096,LOT-G,21.025303294522804,13.71739636382091,8.510850669136216,21.763267203673106,14.174734968776622,8.650080804447244,0.6120290882291557,0,healthy
SN07-0097,LOT-G,17.13920334232482,9.731018572931315,8.547371441305993,17.751449926721037,9.935543444141526,8.66729192815258,0.5763118740536859,0,healthy
SN07-0098,LOT-G,73.4742543011429,10.701988197667916,8.85782035571443,77.47960245230779,12.139697109816485,9.042416206798418,0.4321003973590692,1,single_parameter_outlier
SN07-0099,LOT-G,13.843225413604397,9.25674422871266,8.870659519121473,14.658494516435086,9.532300728235082,9.007665715305903,0.33312226651794175,0,healthy
SN07-0100,LOT-G,16.758328816261088,8.724254589761353,8.650326015486131,17.196158399592818,8.934190517852029,8.749824574391756,0.5887340372130221,0,healthy
SN07-0101,LOT-G,12.633241851831409,7.431195126680876,9.386600539348573,14.537199554706664,8.688879336276047,9.509146741682475,0.7977928456574357,0,healthy
SN07-0102,LOT-G,45.61337188732281,22.47074600479476,8.661555274057108,47.0259020258316,23.25122893063194,8.829996259424613,0.8545816865689916,0,healthy
SN07-0103,LOT-G,20.550338351310103,22.292185023320272,7.635502889843197,21.05970434888824,24.301351112056558,7.66604490140257,0.9077918986035172,0,healthy
SN07-0104,LOT-G,14.189357085894375,11.878386740949592,9.169892807898757,14.817106390077944,12.273519339375609,9.344669460858793,0.900091825563072,0,healthy
SN07-0105,LOT-G,18.68785968830965,13.362303701190676,9.427230460764099,20.095879302743644,14.149003726107756,9.597693952394916,0.623694759325238,0,healthy
SN07-0106,LOT-G,12.494888738856679,8.185575897444492,8.39022082891841,12.651328425243841,8.953207165880102,8.571059467928043,0.907000147140306,0,healthy
SN07-0107,LOT-G,26.00921579284317,19.360138552651428,8.356507176590144,27.819875824647923,20.10395716779071,8.475992324924876,0.4134029025952945,0,healthy
SN07-0108,LOT-G,15.015983456028236,8.362391530982798,9.64737384786643,15.800600614390936,8.802831852764005,9.818766987248045,0.600074647537165,0,healthy
SN07-0109,LOT-G,22.417536956527936,11.596119690965141,8.845496542931832,22.867851046425255,12.231604138926226,8.880878529103558,0.4917206492298351,0,healthy
SN07-0110,LOT-G,23.41975239898918,14.141758230509941,8.87627413479522,24.487885189022386,14.548040453407236,8.911779231334402,0.6445739429235118,0,healthy
SN07-0111,LOT-G,24.355637205628646,20.83878706171847,8.385675137111841,25.058752606842287,23.66061992413393,8.526959398111506,0.7756104817437892,0,healthy
SN07-0112,LOT-G,26.193984176014386,10.440074694674122,7.964293496225929,26.85391868281908,11.098248350828172,8.028705594459597,0.4803347258416175,0,healthy
SN07-0113,LOT-G,17.10967568667067,8.991529876723991,9.065082300833495,17.39698385268743,9.43824356763033,9.162408666436285,0.6650506136414133,0,healthy
SN07-0114,LOT-G,15.372596954666324,6.736403196700331,8.9799373169552,16.343912513034475,6.996835706253472,9.10558141468473,0.36037272700620543,0,healthy
SN07-0115,LOT-G,16.61365559032472,10.555975037675076,9.081148690306891,17.34353902887273,11.964091145560179,9.283875214658194,0.6391996251374908,0,healthy
SN07-0116,LOT-G,8.501934908676516,8.07739709597451,8.586144153012919,9.043585364908179,8.554478997585731,8.697076619295148,0.506880967765264,0,healthy
SN07-0117,LOT-G,21.286699444620094,18.2138504971696,8.267278293553863,23.361527819944097,18.80821067124505,8.384499766426513,0.79518743367176,0,healthy
SN07-0118,LOT-G,20.742347493621367,10.902323495884007,8.677776632101452,22.096214736807337,12.095139886845827,8.871687936170456,0.5359601300426597,0,healthy
SN07-0119,LOT-G,8.068220795542109,8.855477008552851,9.43432826810993,8.257477760521601,9.060852125405882,9.497241127150554,0.9260754986153844,0,healthy
SN07-0120,LOT-G,25.36592430712305,12.745324186069787,9.506979853193597,31.616696314364557,16.256715068917256,9.802386868632885,0.7686978677770145,1,multivariate_latent
SN07-0121,LOT-G,12.817466888951083,9.470995819316897,8.742342933876476,14.273028498221528,10.030352833616442,8.86445032891835,0.9479201078242717,0,healthy
SN07-0122,LOT-G,15.482274356754765,7.970866160693793,8.837681606272016,16.39213729614677,8.226430033719891,8.95087117633449,0.8525508009314509,0,healthy
SN07-0123,LOT-G,17.182893692279237,9.379428083419183,9.630314214044501,17.629599461705133,9.493656919233132,9.682077036368753,0.7011794349491085,0,healthy
SN07-0124,LOT-G,11.985818283741295,7.9170926260852275,8.528441914549216,12.25854585433426,8.281463363786852,8.644826541289145,0.7813214152021726,0,healthy
SN07-0125,LOT-G,13.522155633004536,7.38788552313142,9.17714685523148,13.958523906713944,7.7637750753720525,9.297901695364457,0.3177819374325439,0,healthy
SN07-0126,LOT-G,21.750922225078508,15.576752224937708,7.927061397974575,23.153234079523425,16.281335041287083,8.073438739361277,0.5506326453733208,0,healthy
SN07-0127,LOT-G,12.673026395013801,9.788379040770472,8.866391332539465,14.67646630726755,10.150183067325202,9.015684748439957,0.6193869805352882,0,healthy
SN07-0128,LOT-G,19.923368763032965,10.98964768800909,8.358828027909466,20.85632588660562,12.375197500888047,8.45709760565837,0.7776014376145176,0,healthy
SN07-0129,LOT-G,16.019414381492744,8.150548934998962,8.526365567963415,16.690655517167635,8.701106811986957,8.642708697469319,0.679812630098387,0,healthy
SN07-0130,LOT-G,25.460667510242256,17.13981613721966,8.458631871203838,27.461330135410176,17.659728008130994,8.540834160174951,0.9031587937712844,0,healthy
SN07-0131,LOT-G,11.792791597544989,9.855115530161143,9.1236198402627,12.245715513979622,10.72509148191054,9.216023063820323,0.796573985951585,0,healthy
SN07-0132,LOT-G,15.194839511348643,11.528127236396568,8.481397125872828,16.62117893463567,12.033248685704917,8.6259628606966,0.8087735414971116,0,healthy
SN07-0133,LOT-G,19.934081768640368,9.091425548413895,8.82002384973558,20.52285762452742,9.71226199573669,8.97743998603633,0.35442552522497706,0,healthy
SN07-0134,LOT-G,15.3727682349227,16.201880803970976,9.27855422840101,17.184806275881023,17.55973166006278,9.318334411347253,0.3826171551867627,0,healthy
SN07-0135,LOT-G,11.676708081921493,7.109476604652801,8.941420821208357,12.07299992019276,7.220392246427302,9.050804297395212,0.6846113689582703,0,healthy
SN07-0136,LOT-G,27.038610833187985,16.918053469744653,7.923424250308917,30.15305739841146,17.819312592614928,8.034206985951807,0.5787793863034073,0,healthy
SN07-0137,LOT-G,10.836699564280579,5.80532935090898,9.2496496656325,11.154058789226076,5.9312189903482055,9.34776661325371,0.8290671398954493,0,healthy
SN07-0138,LOT-G,10.718309494393417,5.431001850983507,8.824120135180882,11.276983370176646,5.77919902038771,8.973612910031019,0.9183754004180753,0,healthy
SN07-0139,LOT-G,13.41143193036018,11.706473346393073,8.05629182311278,14.320398111805027,12.192290488605366,8.127910092055243,0.6742924090119901,0,healthy
SN07-0140,LOT-G,15.700357624146417,7.131167330193286,9.343355204682775,17.010010942258898,7.326316721890479,9.56681055382993,0.5374042242448068,0,healthy
SN07-0141,LOT-G,15.944986943318813,10.04711997624308,11.871953354207207,17.25187392819779,10.919130648302497,12.383620228497266,0.90834545555419,1,single_parameter_outlier
SN07-0142,LOT-G,12.964159374466272,6.7145627275241315,9.333901720040272,13.243782996414616,7.083635743815052,9.398898424068097,0.5446922241569085,0,healthy
SN07-0143,LOT-G,17.06360521571239,7.749514997906264,8.339997580741471,18.481388991468254,8.212454512506609,8.493219252495683,0.9014037486513882,0,healthy
SN07-0144,LOT-G,12.807480777557918,5.81659114834316,9.045465731881103,13.377528898169619,6.174179518561664,9.19606502766884,0.9233141766032591,0,healthy
SN07-0145,LOT-G,20.82292723441361,13.71531589629891,7.8899029609932985,21.93927802165087,14.268255960245643,8.008526101108,0.5011737471739124,0,healthy
SN07-0146,LOT-G,22.899082883320848,20.537708800346152,9.146436626877245,30.119736668152836,28.91570180538435,9.627974300845226,0.3796228967308475,1,multivariate_latent
SN07-0147,LOT-G,17.996426458464473,13.298709734008415,8.308536408306662,20.844908989010673,13.828389671517277,8.491841504757824,0.3999635515556768,0,healthy
SN07-0148,LOT-G,15.843389132387388,8.977286086405172,8.697496354387237,16.922678761616282,9.700944912520269,8.94669496800863,0.9629922297438741,0,healthy
SN07-0149,LOT-G,10.860791567799044,4.61306193883318,9.289845802130813,12.685718508959381,4.9079777478854005,9.346574542977653,0.4759257373448438,0,healthy
SN07-0150,LOT-G,14.925616413347196,7.646780045510838,8.542628588172981,15.427154529503698,8.079576197147064,8.667933869062203,0.6881937846156317,0,healthy
SN07-0151,LOT-G,13.945510096219827,5.834210363326257,8.917240520856462,14.965168598600478,6.027422099389049,9.099931068738673,0.7245385853569224,0,healthy
SN07-0152,LOT-G,19.407839390017305,6.007874831576185,9.059844829625044,20.800373437331093,6.1201320742786125,9.139050962880981,0.3161475475623635,0,healthy
SN07-0153,LOT-G,13.2923922735506,10.02801451576315,8.607938557153949,14.081563800997552,10.999316053484407,8.650029328381853,0.8689109860668316,0,healthy
SN07-0154,LOT-G,13.539283972689638,15.319803589159568,8.366368169697154,14.806778263041881,15.567075428300639,8.462590166740178,0.7054392678225234,0,healthy
SN07-0155,LOT-G,24.191457207522156,13.668918059661376,8.236481252689234,24.835869180974424,14.115267304237133,8.297314965317623,0.6371010274230434,0,healthy
SN07-0156,LOT-G,20.943005866804445,17.851554514297906,8.766798233416216,28.538551066112163,22.700570219150308,8.891098133729148,0.52356748431327,1,multivariate_latent
SN07-0157,LOT-G,36.33851280862518,13.741055062983,8.107349661304639,38.216429033198345,14.27787149915364,8.298427714342719,0.7371181776687494,0,healthy
SN07-0158,LOT-G,16.49492845322143,10.715524492172579,8.336043367780189,17.291438839120325,11.415112198795558,8.41012019953617,0.4848373557501594,0,healthy
SN07-0159,LOT-G,13.088385696232855,6.571260339019891,8.646083677242427,13.502085094935644,6.816916276525927,8.81381841378648,0.9993499902947861,0,healthy
SN07-0160,LOT-G,16.11105505479825,12.510857317679797,8.959861998653029,17.572082281520633,13.228087226623439,9.027372990412035,0.6421090028209354,0,healthy
SN07-0161,LOT-G,16.72248491495045,8.673180771870651,8.573926189654369,18.472675404398288,8.891231205901285,8.66277247022719,0.6334902139376586,0,healthy
SN07-0162,LOT-G,17.63894972639907,5.245869558457119,8.457552540732483,18.3545879965173,5.562667407629757,8.540108316516479,0.5986856577467443,0,healthy
SN07-0163,LOT-G,19.424777574175536,11.18513273489395,8.355029504093153,20.759362599750368,11.557197688824623,8.517133115263789,0.7097116352892279,0,healthy
SN07-0164,LOT-G,14.955434058614983,10.289033178836064,9.073505651990327,16.279520769277724,10.92138328672962,9.250267670192336,0.5947924312700268,0,healthy
SN07-0165,LOT-G,23.171148198519898,11.369244270193832,8.86452505785843,24.079984965379957,11.868241215288048,8.982289355959466,0.5291738347054408,0,healthy
SN07-0166,LOT-G,13.02619549339719,8.043833585437312,9.074025082967148,13.927419375759447,8.339495121364717,9.165963172327547,0.9083438339963081,0,healthy
SN07-0167,LOT-G,18.350489222499327,7.766808956026508,9.384890116161232,19.186976903433514,8.27304552216707,9.50838128366198,0.7558799117515862,0,healthy
SN07-0168,LOT-G,8.354232276161078,7.902404854143055,9.375811087446394,8.413581700673838,8.15291054176283,9.521692356552755,0.4432302408738345,0,healthy
SN07-0169,LOT-G,12.838408402221072,6.083191530562664,9.097782894671365,13.583762286253714,6.474012246647107,9.388793002409583,0.8483902979253595,0,healthy
SN07-0170,LOT-G,9.012182231048188,5.892920662030809,8.915640105672999,9.601821396623498,6.470259329818278,8.97135952951317,0.818183177050331,0,healthy
SN07-0171,LOT-G,19.356840571823845,11.63901269388306,9.31961025265463,20.000988546864992,12.212159809351597,9.680486195580515,0.38515851844173177,0,healthy
SN07-0172,LOT-G,25.036100513399976,15.834564732450795,9.131387698013638,36.559408581626144,25.31768261728897,9.549948068200843,0.6661862436587437,1,multivariate_latent
SN07-0173,LOT-G,19.284033973568132,13.419102695511555,8.346934200404046,19.849454492722526,16.358287904790203,8.708442425387853,0.8064719105337194,0,healthy
SN07-0174,LOT-G,9.62676217915167,4.283591121483127,9.452334481701559,10.087921251966069,4.385209397925366,9.6078358754295,0.7959130742027284,0,healthy
SN07-0175,LOT-G,20.026670231807437,6.871052835278553,8.925336322727414,20.933392620233896,7.675246867548311,9.015491558325806,0.3259581723700753,0,healthy
SN07-0176,LOT-G,14.333061906633736,9.335264520347609,9.145714182223887,15.52240504915617,10.340947894991654,9.303404493343447,0.6550263694859355,0,healthy
SN07-0177,LOT-G,15.584724514385483,7.106333488485422,9.20316415019719,16.499460792573434,7.445176474734361,9.343515266279127,0.722998985171475,0,healthy
SN07-0178,LOT-G,23.834417629815306,15.477359973538857,8.197681182121535,25.100932636069146,17.751656795572266,8.367852804754548,0.9056534492525168,0,healthy
SN07-0179,LOT-G,23.75477204577622,14.430532839733411,8.426960951715458,25.918216348921174,16.625097956131896,8.637755307136255,0.7851683030606479,0,healthy
SN07-0180,LOT-G,12.656847441761908,7.064432710653876,8.9152163433856,13.31706182230251,7.446588267120325,9.012101055295222,0.8320268764930653,0,healthy
SN07-0181,LOT-G,17.185953602472512,10.868067130829248,8.537893689764022,17.560864796122498,11.098856906267331,8.634317274255709,0.7018408357952701,0,healthy
SN07-0182,LOT-G,11.223241821497504,6.278679349706969,9.79291851625657,12.121805689928747,6.889635104317677,10.089019891935939,0.36337465519434725,0,healthy
SN07-0183,LOT-G,15.138692252321643,11.227962579818506,8.58950682263903,17.07805103024644,11.71271461393697,8.685396601299619,0.6644462287092205,0,healthy
SN07-0184,LOT-G,11.1898972680407,6.562021067099198,9.738970298417708,12.06279867228825,8.072416561021228,9.87888189615375,0.83333655478764,0,healthy
SN07-0185,LOT-G,26.89973043066292,12.796443451057748,8.148653972036682,28.22459377779173,13.906612635785068,8.317653644748615,0.582377444252012,0,healthy
SN07-0186,LOT-G,15.570320083837064,10.042650311912617,8.844761459402937,16.89599328974534,10.607869600492567,9.058358045929747,0.7039280704958019,0,healthy
SN07-0187,LOT-G,15.286566147985,16.896109616974275,8.357603718394406,16.5908166683984,17.272153563857124,8.416102992819559,0.8462316236652836,0,healthy
SN07-0188,LOT-G,26.06567877416649,24.381033823516756,8.775176722975992,37.45274168545058,31.95280376214086,8.981010610904695,0.6214189809701591,1,multivariate_latent
SN07-0189,LOT-G,12.940261342123183,9.104689148481752,9.207357205519859,13.590677226230023,9.455244524551011,9.281925740707935,0.687967830851036,0,healthy
SN07-0190,LOT-G,17.770609806610018,10.56089301267656,8.558570214317633,19.007730466623922,11.743125435288759,8.788125822996058,0.29507908013281725,0,healthy
SN07-0191,LOT-G,19.332899509938766,13.840209494583174,9.465783010424529,19.840772915719537,14.076723345388205,9.584558414625517,0.9808371387413543,0,healthy
SN07-0192,LOT-G,18.274225156026368,9.396704638576397,8.828241828871931,18.988655321945586,10.145358930286768,8.89000320318191,0.2167020378049925,0,healthy
SN07-0193,LOT-G,16.4654520470034,9.192328025851156,8.669522528326432,17.16401253936528,9.645595514451625,8.844736647512537,0.6100266271917041,0,healthy
SN07-0194,LOT-G,31.54394790218868,16.818655196247104,8.556687553074193,33.10611432406799,17.155538458849357,8.827926203757961,0.20015329679737237,0,healthy
SN07-0195,LOT-G,14.313372295461274,6.379992762018341,8.785332987928037,15.25302009861359,6.6799432469211,8.880598001775908,0.760768877623046,0,healthy
SN07-0196,LOT-G,12.006790769710195,8.58035340323665,9.363372185652668,13.246448632455907,8.899082310888796,9.40438638113181,0.9113087715220054,0,healthy
SN07-0197,LOT-G,14.603190281445828,8.485021317580706,8.934588590289732,15.325635716619347,8.759393810571805,8.97032694465089,0.8156922185556527,0,healthy
SN07-0198,LOT-G,11.205712634679372,10.484026277587775,8.93139882597286,11.724772596377212,11.506727915837192,9.080371390915223,0.721923011410958,0,healthy
SN07-0199,LOT-G,32.43654281300512,15.504199626405109,8.415337647907442,33.849151975313774,16.2610748647112,8.529218765944432,0.8986099459064661,0,healthy
SN07-0200,LOT-G,11.430350812157066,9.591883654489665,9.084547152931476,12.225304358525628,10.062139305445815,9.185394575738133,0.8273399936868069,0,healthy
SN07-0201,LOT-G,16.743698434609133,10.511897545411676,9.424301132505054,18.08950181356592,11.034070342278618,9.599279432280099,0.5579597800910664,0,healthy
SN07-0202,LOT-G,24.721181858205032,11.856922982468884,7.993651632150842,26.14168671504725,12.5752845685538,8.097892596845115,0.9879878021183431,0,healthy
SN07-0203,LOT-G,14.530183923347575,10.291034112556918,8.72869741241835,16.04808649883618,10.804592913711074,8.888820286116525,0.7590913931767804,0,healthy
SN07-0204,LOT-G,13.2457748581767,14.36533021553181,8.57208140132761,13.711848652475776,15.697295696111132,8.740025461837249,0.5878464067621771,0,healthy
SN07-0205,LOT-G,28.927191095395685,15.646725827160946,8.880638838517264,38.786674903192285,21.36175829021561,9.185338250161726,0.7779779205415379,1,multivariate_latent
SN07-0206,LOT-G,19.06622272447081,8.545859542069355,8.379757736796906,19.601690394469262,9.31393942161416,8.415324311798326,0.5882198877074862,0,healthy
SN07-0207,LOT-G,10.860887019974511,9.734797155199521,8.851741083844336,11.687255756504928,10.272082467565285,8.965294543740345,0.6426366002930319,0,healthy
SN07-0208,LOT-G,14.628852365457986,10.144055144786622,8.666045618968436,15.326638070867876,10.953162999014568,8.835601781539765,0.9613929486022986,0,healthy
SN07-0209,LOT-G,14.364961187619024,8.23234812690422,8.901875710273629,15.519522509274953,8.746113638929236,9.081807880057397,0.4815630448495413,0,healthy
SN07-0210,LOT-G,9.633219592171118,5.564895065422354,9.38614654200308,10.07259303607125,6.232863500207629,9.548234831055854,0.6091394316371208,0,healthy
SN07-0211,LOT-G,15.226704577801115,13.125596837193665,8.525029139577885,16.023933229949122,13.566467860413947,8.58090317154443,0.9638815689620557,0,healthy
SN07-0212,LOT-G,15.625545062647987,9.34252619073736,9.509574321916176,16.294954050086517,9.660293324703332,9.822867783437742,0.36645083643839527,0,healthy
SN07-0213,LOT-G,16.220466458134695,7.532946266026456,8.568758869633882,18.968975802177503,7.818189461141648,8.655926719527447,0.6197118327023706,0,healthy
SN07-0214,LOT-G,18.482136867924133,14.498760800598038,7.720952270396854,18.846503776304594,14.80452721260536,7.807051044845017,0.42368964416370847,0,healthy
SN08-0001,LOT-H,12.576321660424567,4.762801161247547,7.746981264924721,12.74110176980845,5.025490711204601,7.843901836876305,0.6099153419745676,0,healthy
SN08-0002,LOT-H,6.213195498568614,2.2243804184272684,9.01416548148252,6.834873118110241,2.326414154201438,9.09464464578129,0.7387651815694445,0,healthy
SN08-0003,LOT-H,15.091539592529621,7.676547115250386,8.694268586559893,15.471807583726614,7.914248384980491,8.820953880579228,0.3226654112980344,0,healthy
SN08-0004,LOT-H,11.293379660117598,4.044051517198851,8.31635724903905,11.66759478753878,4.238922160502536,8.607899357735358,0.8968406061723301,0,healthy
SN08-0005,LOT-H,14.258309450642775,8.0057903645237,8.447277310036428,15.573794764525555,8.235887824153023,8.505433764523856,0.6217535003737505,0,healthy
SN08-0006,LOT-H,10.519264894674203,7.026581254629284,7.939679899664405,10.72747555661731,7.140591734735185,8.01072838963618,0.17997219106526507,0,healthy
SN08-0007,LOT-H,55.75096384964104,4.647628475370093,8.441778023768785,58.45916766266527,4.97126308944764,8.536281217390284,0.6894867388352739,1,single_parameter_outlier
SN08-0008,LOT-H,6.295434650378494,2.97491669217466,8.62144250716126,6.756694155160958,3.2263935492591225,8.989314340218359,0.36016430530592836,0,healthy
SN08-0009,LOT-H,14.481977774179224,5.112212115969937,8.353783234353433,15.411643229314352,5.329739783455593,8.459544044127904,0.5916074851032597,0,healthy
SN08-0010,LOT-H,14.877248252740669,7.404612868829817,8.276555826881834,15.412183262340697,7.81214289479393,8.397999690227822,0.789821733716723,0,healthy
SN08-0011,LOT-H,8.27355839855865,3.016701879879625,8.507073282026898,8.806169537003793,3.0857967507977317,8.6153971927657,0.5838793935342068,0,healthy
SN08-0012,LOT-H,8.410405936692985,2.600977172553656,8.758054000224654,8.65686605803248,2.656519398004364,8.793086216225552,0.5108477897916479,0,healthy
SN08-0013,LOT-H,20.793703304540156,5.019879388633966,8.165535881169918,21.74909034477607,5.185728886595216,8.231786419723496,0.8897756466668258,0,healthy
SN08-0014,LOT-H,11.901157890247445,3.2510234256320745,7.891642152800384,12.51344017686132,3.3140905354570336,7.969029964920668,0.7281149003722434,0,healthy
SN08-0015,LOT-H,28.727248118373666,7.256633061041753,8.34113526795452,38.00804589085409,9.006758166146938,8.448967812381667,0.5244763800391056,1,multivariate_latent
SN08-0016,LOT-H,19.347298846298205,32.377982492456105,8.252134010171797,19.644968848233,35.7176951398019,8.373877849190858,0.7736997462191996,1,single_parameter_outlier
SN08-0017,LOT-H,16.41054718725639,5.900753957606701,8.296232092343644,16.908642846056846,6.1936000918459575,8.403988567532922,0.6518628571496048,0,healthy
SN08-0018,LOT-H,17.231154113863052,6.8420520584301325,8.055282787387622,19.251188659873595,6.933802818725017,8.15755586045462,0.673799906477647,0,healthy
SN08-0019,LOT-H,12.683885686305173,3.7479304267095195,8.234909906823788,13.256925941021226,3.817629053952113,8.39302744657619,0.9040884488024918,0,healthy
SN08-0020,LOT-H,20.701918467346555,7.466754492120081,7.225032863018411,21.291032187143593,7.705053591844724,7.270400118836474,0.6448403418947686,0,healthy
SN08-0021,LOT-H,11.252835277189568,4.319188653450818,8.54851240614145,12.03928353780656,4.555880663016566,8.844060238771537,0.8477860467361696,0,healthy
SN08-0022,LOT-H,9.037799786735963,6.611330731781289,8.341580446691275,9.369550448870056,7.020739566884088,8.37494676847804,0.5876323465816502,0,healthy
SN08-0023,LOT-H,41.8107378804161,4.647628475370093,8.469525009125306,44.98678551010582,4.782481137851186,8.641673308242483,0.9508510551914512,1,single_parameter_outlier
SN08-0024,LOT-H,10.591491984765145,3.4293269892321225,8.576877611325463,11.427800741650765,3.5467538082838557,8.678091746875408,0.4535157054309643,0,healthy
SN08-0025,LOT-H,11.27367036731998,4.2366732528970115,8.398680170730373,11.891039161671447,4.348219678944622,8.508898239361276,0.6327983757967645,0,healthy
SN08-0026,LOT-H,10.85567157029571,3.053478765756246,8.547585364554873,11.050830688819412,3.1260246214302523,8.581775706013092,0.40122022010881425,0,healthy
SN08-0027,LOT-H,13.62548339367209,3.3317647025536763,8.456092199560858,14.150576216162756,3.385408929617497,8.624313770382058,0.43642957166422475,0,healthy
SN08-0028,LOT-H,25.085196750687828,12.889275244804082,8.414473366721134,37.57223384423675,18.587916992680636,8.669129066575195,0.4541734449118519,1,multivariate_latent
SN08-0029,LOT-H,58.41500634269212,4.647628475370093,8.774474249841209,65.25778884151573,4.885988927398934,8.862485961765728,0.8697284861652012,1,single_parameter_outlier
SN08-0030,LOT-H,17.066159619498944,5.697469446777418,8.23027301860747,18.11140193978195,5.9707377363974246,8.353532806557952,0.701275673701616,0,healthy
SN08-0031,LOT-H,8.443458336493403,2.755682965510891,8.719099913601204,8.841310259572088,2.822369261948563,8.768659030403084,0.8221656001261278,0,healthy
SN08-0032,LOT-H,11.047993507854985,4.266390046513049,8.418448354677663,11.467458353429175,4.416385085443561,8.452122148096374,0.49577042278261374,0,healthy
SN08-0033,LOT-H,14.408613733068616,11.685693287116123,7.86361432555456,16.00637988092648,11.873297439309011,7.967063125916866,0.9289665930290036,0,healthy
SN08-0034,LOT-H,12.90412327433568,16.22136541917078,8.252134010171797,13.847708330422726,19.360761994426344,8.660759953851771,0.3135826462302938,1,single_parameter_outlier
SN08-0035,LOT-H,8.453007883228771,5.139027194438365,7.702041552999919,9.53678121516331,5.611872588343415,7.80266298388959,0.8282329156199042,0,healthy
SN08-0036,LOT-H,7.701863242572503,4.865845610215051,8.571900670127059,8.525910564934687,4.957657176456099,8.851260911140242,0.46800805576553417,0,healthy
SN08-0037,LOT-H,22.10545006251837,4.298313377412538,8.820662382512921,22.884201786615186,4.558600819697751,9.103135506858838,0.6361220252155253,0,healthy
SN08-0038,LOT-H,8.32648704433622,5.57883021166976,8.056258740803152,8.816778077615657,5.77280812804988,8.294580372899548,0.7042312678434884,0,healthy
SN08-0039,LOT-H,8.518748622343034,6.123835194855088,8.26835997667515,8.796619292110462,6.3546965568453935,8.312639608322803,0.8234051737495032,0,healthy
SN08-0040,LOT-H,16.21013268886588,7.550449259643292,8.280226616621176,17.557982159191997,7.818700032654812,8.37490874729695,0.6639344699503942,0,healthy
SN08-0041,LOT-H,11.838539638430966,27.056961877666776,8.51137180309623,13.017771984298916,31.374564470550748,8.620459893730313,0.6986445413429402,1,single_parameter_outlier
SN08-0042,LOT-H,9.661223941654889,4.028153631133269,8.344811954675809,9.965563747327108,4.18296770722425,8.489824888644964,0.9031819732193217,0,healthy
SN08-0043,LOT-H,8.127130688716251,4.214240624259259,8.929681424743032,8.417826954590058,4.342093491124187,9.035079398179006,0.7818551051475532,0,healthy
SN08-0044,LOT-H,12.561340427906016,5.147161120041741,8.172868833009892,13.70199958330176,5.236387105314427,8.227034549565701,0.3826585213942541,0,healthy
SN08-0045,LOT-H,11.912693029663727,6.892653199363924,8.103615395844228,12.380069927577413,7.156458686091063,8.2465969303171,0.6405374005179805,0,healthy
SN08-0046,LOT-H,13.893417579175365,7.925372376944295,7.563262964708237,14.631256526120673,8.081829912984235,7.658375124480607,0.7575304405125078,0,healthy
SN08-0047,LOT-H,15.760774556469682,6.2793771423944635,8.0243062429531,16.442664625364536,6.451276803933817,8.121385956961706,0.7497873179142333,0,healthy
SN08-0048,LOT-H,11.838539638430966,18.20324914865322,9.163397235697937,12.483486736286782,18.503117705340237,9.319908845966841,0.9002935589683498,1,single_parameter_outlier
SN08-0049,LOT-H,20.663922669077504,5.39529280650197,8.187010298505966,22.48668150056145,5.451020871448753,8.300945796328644,0.7230051826138761,0,healthy
SN08-0050,LOT-H,9.229183855087447,3.2324005746025812,8.162868695483052,10.56557195245799,3.3375326113482537,8.276146515850924,0.5282028692961713,0,healthy
SN08-0051,LOT-H,12.363447776827796,4.906593142800391,8.337159018880104,13.10296032271077,5.03888289897181,8.464338485976022,0.5165183074626477,0,healthy
SN08-0052,LOT-H,5.798667659343341,3.4750223528184505,8.244155507240034,6.098700124456899,3.554254883219628,8.303116504084993,0.4014643025664546,0,healthy
SN08-0053,LOT-H,16.197260110056636,5.826405980965686,8.10551835908679,18.24832424335983,6.062499117914075,8.31185677837857,0.8028047950287415,0,healthy
SN08-0054,LOT-H,6.040666012705387,4.8537900919010255,8.232437738909791,6.434148009134269,4.988886194140897,8.310502107572553,0.7300835352640951,0,healthy
SN08-0055,LOT-H,20.27202172686421,4.848624437010648,8.54415049400004,21.018405196620915,4.993963132251148,8.70370940594928,0.5714539610128023,0,healthy
SN08-0056,LOT-H,10.477279984849657,4.864224976729731,8.593207211296185,11.697188607082358,5.202527418975835,8.823476425392876,0.68873071518702,0,healthy
SN08-0057,LOT-H,19.373433422034072,6.487719581843366,7.646320620726994,20.358513826417052,7.054549920668314,7.7741387206174535,0.276393371787184,0,healthy
SN08-0058,LOT-H,11.201479704068683,7.243733842731789,8.239283638904867,13.792526446061128,7.635084452456891,8.374439753060136,0.28184902858672056,0,healthy
SN08-0059,LOT-H,13.402903510968924,6.091970905665732,8.46558575311567,14.188542199051362,6.230738594279035,8.675973603017841,0.8253000090693902,0,healthy
SN08-0060,LOT-H,9.786425169330547,5.127817157710036,9.033128334701235,10.44420786596403,5.317955665255136,9.117146524658486,0.9908367858215398,0,healthy
SN08-0061,LOT-H,17.623223741870717,9.649973502658169,7.70711244732754,19.00703417914044,10.564941724471732,7.763242598269332,0.6142165102790494,0,healthy
SN08-0062,LOT-H,7.497756875239668,2.60132799937981,8.7384377441741,7.979480664129295,2.6558298010133154,8.776854787706487,0.6105048409845476,0,healthy
SN08-0063,LOT-H,17.099647420191655,9.51326234883856,8.693561797188876,17.752942660949106,9.736349570180163,8.807288433141618,0.9042525072400398,0,healthy
SN08-0064,LOT-H,11.796191251816127,4.90946417636145,8.015045538234025,12.226929406703931,4.982703513661714,8.069885535904746,0.6060833350511797,0,healthy
SN08-0065,LOT-H,16.252534272271138,4.007847840676882,8.679127405988806,17.539759635942463,4.127841713590066,8.844092759640677,0.5029891606592868,0,healthy
SN08-0066,LOT-H,12.471740238615268,4.04701451471124,8.387912540233982,12.7757930812421,4.150358447412471,8.568746335536066,0.8290011492974576,0,healthy
SN08-0067,LOT-H,6.008993173525084,3.852542855823127,8.323631372445496,6.240395325135754,4.147096271715002,8.49658553226954,0.7442904071767978,0,healthy
SN08-0068,LOT-H,13.145239339287473,2.976792092198106,8.277800832069516,13.712169621954178,3.122232493611726,8.349106558424708,0.7148738859811983,0,healthy
SN08-0069,LOT-H,5.753578239681126,2.4082467235575082,9.270714880786871,6.335676810828706,2.5168244286416184,9.392473692722799,0.7675772208322191,0,healthy
SN08-0070,LOT-H,12.08580401742161,2.9655128600693743,8.60878343962781,12.626570806698743,3.046531493400491,8.793831467673927,0.708793964220651,0,healthy
SN08-0071,LOT-H,13.232048115721394,3.872987018725943,8.557686674423913,13.67737081559356,3.974584183517964,8.598063416423344,0.643499498086753,0,healthy
SN08-0072,LOT-H,6.71294244820378,6.589650468309579,8.436952128509333,6.935444399822435,6.965544278791763,8.545486608954459,0.565446721929576,0,healthy
SN08-0073,LOT-H,16.272414431384004,21.454876986137776,8.315129083226068,18.237134346525593,23.81342931915374,8.404331625620406,0.416401607514293,1,single_parameter_outlier
SN08-0074,LOT-H,7.895977560924505,4.2057524808174005,8.554467133900722,8.728051718672265,4.373799942003693,8.766109945684779,0.5449267551213888,0,healthy
SN08-0075,LOT-H,6.545385489070526,2.755521882207228,8.223389740078025,7.198614614927142,2.887102744189161,8.306355690620263,0.7126155229896184,0,healthy
SN08-0076,LOT-H,8.078668742376843,3.3144465785384973,9.114926477792196,8.389422933866173,3.438982964800214,9.31577609478143,0.7071006260440015,0,healthy
SN08-0077,LOT-H,34.0923363379911,11.30925426690727,7.718687110910574,36.27119441944516,11.757677681056217,7.843501031214935,0.8585405648707213,0,healthy
SN08-0078,LOT-H,16.803412864237252,5.997904607953228,7.86038025251809,17.61781802145841,6.2436831826412105,7.991805730900763,0.9362766981146593,0,healthy
SN08-0079,LOT-H,16.03276388333975,3.569704899636465,8.861902156092075,17.369142675508122,3.659233594337501,8.993924581179597,0.7046152530181395,0,healthy
SN08-0080,LOT-H,8.203912809698847,3.425348313991394,7.935188945008948,9.07711399015098,3.768627403652071,8.122091395417836,0.4696858971358954,0,healthy
SN08-0081,LOT-H,12.75679951694405,3.7120668780941637,7.589504586800017,13.33791550607131,3.8979565606188,7.7041000194986955,0.40319926782497734,0,healthy
SN08-0082,LOT-H,10.44821056809547,2.7553017429820597,8.013067560426942,10.720867851235306,2.8226480204782916,8.11064571005162,0.5608793396000564,0,healthy
SN08-0083,LOT-H,10.51801774160481,2.5891627143072236,8.405087561688166,10.803357403850066,2.658944812962846,8.51947134053954,0.7175291455325113,0,healthy
SN08-0084,LOT-H,11.87584878442125,5.334637049372927,8.380747635359942,12.421589717800979,5.704305909274175,8.429327374965952,0.6460079831665426,0,healthy
SN08-0085,LOT-H,16.809745521088438,11.099010442220962,8.634017285400178,18.168125745951993,11.500487851197004,8.668553354541778,0.3925390124966138,0,healthy
SN08-0086,LOT-H,14.160747344033313,7.988592088043606,8.299729138927768,15.037111650832266,8.444900746665605,8.476349496289556,0.7545180979978073,0,healthy
SN08-0087,LOT-H,8.352666083049284,3.974422685768722,7.568392155459926,8.737439500618297,4.068516490354235,7.70942462102979,0.6991557918903705,0,healthy
SN08-0088,LOT-H,8.79876728696398,4.358558989807174,9.306059241845103,9.003949122820137,4.467722294425627,9.343283478812484,0.9152468241350886,0,healthy
SN08-0089,LOT-H,16.461994799847403,6.4065299638959985,7.963939541871809,17.214163030643775,6.6981587258228314,8.03472229090395,0.7171446168180615,0,healthy
SN08-0090,LOT-H,11.132464711917917,3.336869160903005,8.930311071026175,12.022637684367822,3.462167000543696,9.043635553775784,0.361740084432645,0,healthy
SN08-0091,LOT-H,30.783151506011095,10.428736387537874,8.099052945446308,32.222150860163005,10.982066743969389,8.207547177156325,0.7123137701366371,0,healthy
SN08-0092,LOT-H,15.128595426124544,15.849830616476382,7.70281516642513,16.23610594172056,16.479401489236345,7.852658592457302,0.9094976323018436,0,healthy
SN08-0093,LOT-H,20.27527859975259,4.138999710591386,8.000908892417554,21.150207171148608,4.221700900137814,8.10502447979024,0.9017422617525808,0,healthy
SN08-0094,LOT-H,5.873428029289256,4.513632048872542,8.358861819735834,6.050559169799965,4.749329053124105,8.418764426399548,0.5650840523990506,0,healthy
SN08-0095,LOT-H,5.981300390067051,2.639806953152566,8.211915859964414,6.80084821734607,2.717127531199944,8.289960881165081,0.8306540461290565,0,healthy
SN08-0096,LOT-H,13.679002208387324,6.781238006182248,7.963905759937148,14.34225675311016,6.889762350169258,8.073705935028988,0.7795872437135642,0,healthy
SN08-0097,LOT-H,45.8920413814959,7.582287961912385,8.252134010171797,51.970523056238385,7.7880796316387855,8.398778860473989,0.6260440410569281,1,single_parameter_outlier
SN08-0098,LOT-H,18.351806959946003,8.22203870595865,9.280641908969674,26.509174933596526,10.657551124423032,9.501827943144466,0.6663811548210693,1,multivariate_latent
SN08-0099,LOT-H,15.613657968566715,5.623525691690648,8.21553654001081,16.684488874402255,5.763425664787095,8.375220600888401,0.799647349247455,0,healthy
SN08-0100,LOT-H,7.720519986670893,3.5199647592887087,9.337016950692327,7.934597298023405,3.6714150099353957,9.479998004705452,0.6669921252300229,0,healthy
SN08-0101,LOT-H,20.192451802344653,4.72342272676363,8.294053016977083,21.094786858840983,4.821000685364695,8.336312838650436,0.684970454483971,0,healthy
SN08-0102,LOT-H,9.228977317400922,4.6135279922136965,8.298708996177593,10.966651159631379,5.0052858761652175,8.448011949370363,0.5169548637548004,0,healthy
SN08-0103,LOT-H,14.981758622475802,6.60986150308536,8.302576183555052,16.43622888551367,6.9953964614293485,8.393732870090338,0.9290073504733156,0,healthy
SN08-0104,LOT-H,8.735716416828547,5.266631747502887,8.315621365396375,9.251030427590544,5.663006728230066,8.410092329333608,0.7074285318229058,0,healthy
SN08-0105,LOT-H,5.560254563242716,2.298313624872969,9.071172171272963,5.970547067872006,2.331531387893361,9.108971207207796,0.5851842749770432,0,healthy
SN08-0106,LOT-H,9.866526525810878,2.9277141753719946,8.812997219531738,10.295083598225698,3.155201543541576,8.91729650991179,0.45967646019955266,0,healthy
SN08-0107,LOT-H,15.087196425012163,7.342064521027464,8.594937518077256,15.678491445948765,7.532375306726227,8.699407947692855,0.9324575354429617,0,healthy
SN08-0108,LOT-H,15.520263952655172,4.071927505096867,8.762718373264274,16.073126395606007,4.407871068671005,8.9178559946497,0.6913463534320614,0,healthy
SN08-0109,LOT-H,25.738370232270775,6.359305846923966,8.292736010214323,26.954881913660135,6.558003402470548,8.341223317867334,0.4712673096952607,0,healthy
SN08-0110,LOT-H,13.072444269412644,5.811976158134937,7.868612018976497,13.41642320918905,5.880873934131672,7.987753482455817,0.4747260995993839,0,healthy
SN08-0111,LOT-H,17.616102290121553,5.262186553015235,8.45984487132338,19.97909789482897,5.474411267896635,8.607427029289582,0.5033211128670159,0,healthy
SN08-0112,LOT-H,19.939775418245787,6.139747808996571,8.166075568234536,20.902541179437108,6.280950671372521,8.3396613996853,0.6105400073763961,0,healthy
SN08-0113,LOT-H,20.098475412151302,7.979129601974295,7.826140214467327,22.716961996326333,8.17349035574725,7.8831317374559005,0.633195837231965,0,healthy
SN08-0114,LOT-H,18.007252083286282,10.277848715988934,7.661431812137179,18.75036154875299,10.369410839670177,7.727217857549258,0.6803857565780127,0,healthy
SN08-0115,LOT-H,11.012638184390605,6.713879015728759,8.10348927458858,11.577903814898093,8.048117040511157,8.150367693718284,0.7210915195870156,0,healthy
SN08-0116,LOT-H,11.43984288159578,4.415599594795826,8.839076783619435,12.215909904123938,4.502168175904201,8.9574388304012,0.6351788550588848,0,healthy
SN08-0117,LOT-H,16.313577262712645,4.583507164855522,8.25599075011638,16.78134949082267,4.6259390096939494,8.370276623177283,0.8911014006547631,0,healthy
SN08-0118,LOT-H,10.883851770687466,4.575922086869524,8.445397086752402,11.854950983039318,4.861590374169926,8.555503123205451,0.8740438710466205,0,healthy
SN08-0119,LOT-H,11.377037258428132,4.93703829932288,8.381417864758294,12.027730201501992,5.017112757274803,8.708325535275511,0.4542500602764741,0,healthy
SN08-0120,LOT-H,10.43653858447482,2.563835147571567,8.609664610737303,10.98653887818684,2.62743667172276,8.853967261910253,0.8674274370754805,0,healthy
SN08-0121,LOT-H,5.8529882868005805,2.170192620976773,8.45650988102404,6.077174714994983,2.1871153912754515,8.586839180566958,0.44997994017308435,0,healthy
SN08-0122,LOT-H,7.717262833972983,5.600611498300907,8.619668693008544,8.9784032880429,5.872441511406064,8.728738904953115,0.5555253193374909,0,healthy
SN08-0123,LOT-H,8.944397210435232,5.00218953939139,7.938270511207455,9.185824922578444,5.026361758466095,8.091740004674659,0.852036741518991,0,healthy
SN08-0124,LOT-H,11.006625208451704,4.607411343482161,8.260800834504128,11.35400654754177,4.759119529339807,8.389584382611861,0.7132439680511372,0,healthy
SN08-0125,LOT-H,8.961525414656547,3.496710468655365,8.536343287737328,9.430266059556702,3.565277911683675,8.574182331875193,0.789769635934406,0,healthy
SN08-0126,LOT-H,12.222543528116942,6.382578062104735,8.468579185797955,12.799108612390523,6.663923593935829,8.702883457674302,0.3306507178957745,0,healthy
SN08-0127,LOT-H,12.278216232786026,5.5928348884903825,8.167956383107732,13.33394007082461,5.765130415258323,8.292244470554728,0.6637126599396829,0,healthy
SN08-0128,LOT-H,11.254049478181063,5.042770508678845,7.959328303755464,11.995435244783465,5.271030830579167,8.10987685913593,0.7382923270242179,0,healthy
SN08-0129,LOT-H,18.292968155133725,4.540446344807572,8.438760809957786,18.502618406129987,4.611265176905165,8.480066874316137,0.8477260492316089,0,healthy
SN08-0130,LOT-H,21.636610779392935,9.40245889340058,7.575346463922951,22.230989080708067,9.531233985314893,7.614584903973869,0.7607943758875104,0,healthy
SN08-0131,LOT-H,19.92809988284368,5.31134993195438,8.291965113398398,20.5983103658041,5.449303799164953,8.472077803736147,0.6048711000462514,0,healthy
SN08-0132,LOT-H,10.349123131759562,2.4850811215855226,9.049240265253381,10.860961172333507,2.6665481220714655,9.21949500691998,0.5171394208897844,0,healthy
SN08-0133,LOT-H,10.274014423822498,2.715798002064173,8.489485416115818,10.656082051312094,2.8255941241540103,8.725556102198135,0.713291018741627,0,healthy
SN08-0134,LOT-H,7.707321872087144,4.245014448765364,8.435799812641005,7.96647910772267,4.301657880616476,8.49305860086223,0.652334386163534,0,healthy
SN08-0135,LOT-H,13.086462431482975,7.213189834745076,8.154005431864732,13.879957687515498,7.509279192542788,8.288394125599448,0.752939416517281,0,healthy
SN08-0136,LOT-H,17.776291323295716,4.470860487794602,8.1724715341232,18.45627807809992,4.553104582979283,8.239925721063177,0.4047321290772033,0,healthy
SN08-0137,LOT-H,11.838539638430966,18.52482089694675,8.629594866520934,12.686015129332333,19.382447539926766,8.759848182263918,0.6731924472884088,1,single_parameter_outlier
SN08-0138,LOT-H,13.080702915662204,7.429961357638318,8.533339440159581,14.177820410606758,7.681926522316596,8.689706021293768,0.7807305351939428,0,healthy
SN08-0139,LOT-H,19.691012797354823,7.71506158847159,8.390907198060523,27.710608360973627,12.265304887585675,8.979960305492108,0.8195131081775938,1,multivariate_latent
SN08-0140,LOT-H,6.257316398678012,3.330601408575352,9.059719431779968,6.944241233973248,3.500978535859361,9.16538851703063,0.5153413991930301,0,healthy
SN08-0141,LOT-H,8.365700461818333,4.051226648055101,8.924949061678403,8.571983222681238,4.208596486398652,8.97397646927901,0.6296541995166901,0,healthy
SN08-0142,LOT-H,27.837460587383916,5.802376572026003,8.343184206986768,30.24427951704691,6.116068443100534,8.654015514039173,0.8050142800515125,0,healthy
SN08-0143,LOT-H,5.12239946663628,2.4116542502773757,8.299658883924515,5.434653636975966,2.4528290183766432,8.392919121432255,0.5849953164733768,0,healthy
SN08-0144,LOT-H,8.9061647635421,5.20853366380142,8.466884765297303,9.255820686452683,5.290538205586415,8.571216516232479,0.971520473385972,0,healthy
SN08-0145,LOT-H,13.201216450654567,2.6389653766498387,8.35449665183974,13.927560920039394,2.711961736425281,8.55237644699319,0.5707445378521874,0,healthy
SN08-0146,LOT-H,6.572270967681448,3.8280906421159897,9.263804169078368,6.847799476083978,3.8819312565673347,9.349450110385764,0.5981570904099468,0,healthy
SN08-0147,LOT-H,21.224363984564274,9.326979566508864,7.724014497062534,22.055078569950876,9.464599027176078,7.90856498041712,0.8112985053768862,0,healthy
SN08-0148,LOT-H,11.971921971520644,4.685684810220904,8.8945226990733,12.914382634304541,4.889304780494161,9.118903224245216,0.820836087142308,0,healthy
SN08-0149,LOT-H,22.603617838504302,6.088431412382208,8.27820010307012,23.927746814243438,6.909868023646447,8.502195026403594,0.7305207376254874,0,healthy
SN08-0150,LOT-H,11.619185959700978,3.2478424742752843,8.224038691539803,11.837367008076875,3.297648055283007,8.323936307127529,0.8073828662081128,0,healthy
SN08-0151,LOT-H,56.79021253705544,6.28523820039647,8.252134010171797,67.7166786280869,6.559802763743201,8.300052700100187,0.7214004473678454,1,single_parameter_outlier
SN08-0152,LOT-H,8.955283900399035,6.079722844047611,8.115007870230214,9.277540953883808,6.251265668279373,8.147467901711135,0.5972285904669804,0,healthy
SN08-0153,LOT-H,9.453771283968917,5.245665609956525,8.701356944585147,10.16071010305957,5.388812332603545,8.736162372363488,0.8480605017374582,0,healthy
SN08-0154,LOT-H,12.212348430683994,3.4378155536674107,8.28096997594911,12.975130403873322,3.661222976513234,8.391941811227419,0.492579307048055,0,healthy
SN08-0155,LOT-H,19.125651935905548,4.658488240531508,8.60882110299732,20.920354992585942,5.108987434130597,8.805628400835761,0.9204805544928661,0,healthy
SN08-0156,LOT-H,8.849831638346304,3.274756878940019,8.794593669037832,9.777403257842238,3.3809953653758464,8.858947239513146,0.26371364830990934,0,healthy
SN08-0157,LOT-H,8.969751458653457,6.379075112440599,8.065425992871916,9.811206728081881,6.980473585644473,8.219992945301186,0.6846983655848213,0,healthy
SN08-0158,LOT-H,13.328067916634907,6.308279013428951,8.732781775733988,14.879542933261364,6.545454029411765,8.933125190815305,0.7887287898205091,0,healthy
SN08-0159,LOT-H,11.758423791051193,15.406061582807073,8.667260812038531,12.864717944539569,15.78332938531069,8.777085041728697,0.7317024716749687,0,healthy
SN08-0160,LOT-H,12.533170251979225,6.992670796678219,8.340301023727404,12.86603808182319,7.209147926605024,8.548875040884107,0.9154279449976295,0,healthy
SN08-0161,LOT-H,6.069434476340342,4.5219758598555755,8.450412151912332,6.25220572462141,4.787031061287932,8.538405999609473,0.9222124218642113,0,healthy
SN08-0162,LOT-H,10.555085749586036,4.485101426784751,8.243824199573572,10.879322081645142,4.627462535366055,8.299505652545305,0.8618218928247154,0,healthy
SN08-0163,LOT-H,15.180711592758147,5.727758367229528,8.153278727420435,16.74092409126212,6.1483717606321155,8.32912004393803,0.9043048413495011,0,healthy
SN08-0164,LOT-H,11.838539638430966,5.193351109832769,11.508958429831859,12.012854754598976,5.383620924654268,13.29140508277066,0.4304445977839496,1,single_parameter_outlier
SN08-0165,LOT-H,16.758037437845694,3.6938269273564703,8.230496204136845,17.568450220426634,3.950445907795267,8.292446360321279,0.5908281012973716,0,healthy
SN08-0166,LOT-H,8.190959961536898,2.79623301654532,8.504797099145705,8.537382873779096,2.9153876578368636,8.787047739486415,0.7236339442856985,0,healthy
SN08-0167,LOT-H,18.319274668895154,7.202879992114958,8.153791566346323,19.488985466386637,7.62849769541057,8.20391399936077,0.6426658936948387,0,healthy
SN08-0168,LOT-H,12.45248750858463,4.295085211992859,8.081391148596618,13.144205679857064,4.362761647159055,8.273094830635086,0.8134526294119144,0,healthy
SN08-0169,LOT-H,8.26171835199667,2.986462237043831,8.3180715362828,8.664021493071548,3.0894234212500433,8.528929098835258,0.7704997663995776,0,healthy
SN08-0170,LOT-H,20.27065109685428,6.761676969450083,8.68246155354141,26.430175984466466,8.459412771880334,8.998589719924968,0.7775025521854081,1,multivariate_latent
SN08-0171,LOT-H,89.6919025697571,4.749564495767399,8.252134010171797,92.22876105285509,4.8862222524277925,8.393398324223586,0.6573646647460507,1,single_parameter_outlier
SN08-0172,LOT-H,8.037787492666785,2.6191808958571103,8.331646801718925,8.334033997854752,2.67952316773559,8.424644285606984,0.3276879270650734,0,healthy
SN08-0173,LOT-H,17.5733313354173,5.20341910597669,7.47359705131218,18.59441679926229,5.5129941561334315,7.605378505636771,0.2753938260098646,0,healthy
SN08-0174,LOT-H,33.54446185832205,12.447610786162272,7.9529826931849446,35.62653149764001,13.15939277527398,8.072219345457539,0.6407075490744808,0,healthy
SN08-0175,LOT-H,11.656274705284504,4.511950456587856,8.47937325666721,12.006681974863646,4.652637185294845,8.60149276337731,0.46093972132780436,0,healthy
SN08-0176,LOT-H,8.435357384809748,7.594596838534674,8.57749839875147,8.811019860375767,8.028836002099634,8.611808392346475,0.457725817852638,0,healthy
SN08-0177,LOT-H,8.26578005495021,4.145090566524973,8.018625948705616,8.982870443921831,4.202292874112586,8.106888529582688,0.6615346209011748,0,healthy
SN08-0178,LOT-H,8.346991150956438,2.315311906070034,9.324128301078476,8.675689011776354,2.373093952814443,9.365182251037238,0.6139412122604158,0,healthy
SN08-0179,LOT-H,7.8605982875744465,4.647202594938142,8.80101164604732,8.159294825633188,4.692680869916495,8.836215692631509,0.9495898723484766,0,healthy
SN08-0180,LOT-H,17.20150759621202,6.125376173342097,8.320353937753525,17.745681712574303,6.353246648528658,8.370326390278445,0.831484229002072,0,healthy
SN08-0181,LOT-H,17.645546230187136,6.666065132099556,9.005895720401442,23.074946881782477,9.005520289187618,9.364894843062928,0.8823783446903322,1,multivariate_latent
SN08-0182,LOT-H,10.43654510289626,7.109809363976649,8.20575157711226,10.60253472863278,7.4123162032839724,8.238574583420709,0.732549738688579,0,healthy
SN08-0183,LOT-H,9.143572458814722,5.708202214439776,8.525189658418265,9.46741008006074,5.806032836395296,8.591834568379,0.8632798603528948,0,healthy
SN08-0184,LOT-H,46.129669908925706,4.647628475370093,8.62641518733501,48.991460756874055,4.895888236113487,8.780338950472059,0.8882955806518086,1,single_parameter_outlier
SN08-0185,LOT-H,16.05734886284685,5.072511099376224,8.62649081864279,17.147197720742444,5.485258283489856,8.791756358923406,0.7082578129416358,0,healthy
SN08-0186,LOT-H,10.509378754280535,3.8183582639995026,8.557883166431065,10.784741438316601,3.8956095463975036,8.706660408290043,0.5578807261509223,0,healthy
SN08-0187,LOT-H,13.08414895936819,3.2633619454941125,7.968141004304895,14.185345889276967,3.3386524884990143,8.055816452214334,0.7852197906859889,0,healthy
SN08-0188,LOT-H,11.758528889272482,10.556174145905901,8.3465849757075,12.298276284804356,10.8293879715612,8.496034843424393,0.8845336467372582,0,healthy
SN08-0189,LOT-H,13.618700837592897,5.71396961926763,7.993079027661129,14.72189132181165,6.007889255963741,8.213218845607102,0.4969861042836674,0,healthy
SN08-0190,LOT-H,10.862634725763906,3.1984456483846606,7.990797861163866,11.443416884518458,3.281411114757951,8.123729453848965,0.5981229430891506,0,healthy
SN08-0191,LOT-H,22.61806545396055,2.5270528489519912,8.183334343816922,23.517246211790287,2.5905607779225917,8.21606768119219,0.8032400322203284,0,healthy
SN08-0192,LOT-H,10.628795023472897,6.426779805488135,8.151044225406277,11.357157097081862,6.616737181645772,8.239613377448736,0.8423747342099558,0,healthy
SN08-0193,LOT-H,19.807838935853592,9.31007831265686,8.116769884924885,22.660492318133908,10.402161200061506,8.217816629923872,0.8298909667736117,0,healthy
SN08-0194,LOT-H,6.643806780904589,1.560285239304181,9.102770640363193,6.880613590428606,1.5768136108808746,9.139181722924645,0.8188498735355778,0,healthy
SN08-0195,LOT-H,9.35092337970087,5.460899874017434,8.278936253464574,9.516839461307928,5.578118096095171,8.312051998478433,0.8789457532595598,0,healthy
SN08-0196,LOT-H,11.866340674648283,6.86676887324816,8.610052240417756,12.485617706271597,7.168368399106063,8.84698706860456,0.8016489306298796,0,healthy
SN08-0197,LOT-H,6.430581220222063,3.4739265801915415,8.184209940879969,6.784982180138239,3.70176180729886,8.294013102673352,0.828333275560712,0,healthy
SN08-0198,LOT-H,16.96218288796251,6.7037157025463685,7.671644339049178,18.44023149328332,6.907242255599758,7.758177357540609,0.9608648001430596,0,healthy
SN08-0199,LOT-H,18.181639957104302,5.420117160537489,8.464739593933636,19.184010149023067,5.882708854712872,8.537155902215328,0.6600796749022185,0,healthy
SN08-0200,LOT-H,23.643105570920895,7.644912249580516,7.864772844514261,24.569386802018236,7.881144097255433,8.011115736019098,0.5138665739682478,0,healthy
SN08-0201,LOT-H,8.846723922263351,2.315693250119569,8.28821620994094,9.38772401054997,2.5307509507275903,8.413258175409299,0.6788893128616431,0,healthy
SN08-0202,LOT-H,9.824831537782586,2.7825725096264375,8.477554935057539,10.256224925167624,2.851828103926526,8.557898571029435,0.5371456278593255,0,healthy
SN08-0203,LOT-H,11.108063860205219,4.660181664045115,8.133018487059111,11.753723284911032,4.779502861955588,8.21091096742025,0.5607137735804661,0,healthy
SN08-0204,LOT-H,24.52731069135771,9.860147655205315,7.750482796614477,25.10572533720309,10.079351040121608,7.8213380287396514,0.7377314306138065,0,healthy
SN08-0205,LOT-H,15.586727225310353,5.503827070186689,8.562238242066808,16.093753910757666,5.874754272478898,8.617917983504515,0.7324231671069299,0,healthy
SN08-0206,LOT-H,11.841151325133605,4.282501905955285,8.46732114201752,12.172048209286938,4.439661934604561,8.702101319415963,0.289234184579754,0,healthy
SN08-0207,LOT-H,12.131000101834129,4.186802172069148,7.978361092448208,12.36165209373002,5.041759034090227,8.082274476252751,0.25767684971068466,0,healthy
SN08-0208,LOT-H,18.422322491674457,7.56038638873134,8.525912261527361,19.534199432744693,7.801686185810937,8.632089229759211,0.7556933322921084,0,healthy
SN08-0209,LOT-H,8.591989949136158,4.049608993158557,8.523451770480161,9.131844809562194,4.151107806213383,8.63443597109681,0.4366762027278547,0,healthy
SN08-0210,LOT-H,12.6473856021124,5.056967793774143,7.943918768385009,13.454681210281121,5.152895467392362,8.093238559547796,0.6828068222120379,0,healthy
SN08-0211,LOT-H,15.011392019371234,4.9874861472639695,7.92473267989767,16.84207980909379,5.333247364650402,7.983327616005418,0.6077543815915661,0,healthy
SN08-0212,LOT-H,6.607704239888594,3.7472651170690137,8.494233413735397,6.68291622793948,3.8365591465548836,8.606835760566646,0.48477322428944786,0,healthy
SN08-0213,LOT-H,11.416665592311949,4.194485781206137,7.776740802276034,11.625153238550762,4.367313072042402,7.807847765485138,0.7134490796180981,0,healthy
SN08-0214,LOT-H,10.676061439911658,3.687022549398317,7.918871791891509,11.007268965890942,4.04817521771251,7.978223916510111,0.8384106270643734,0,healthy
SN08-0215,LOT-H,9.085009910341999,5.966244566691916,8.263194565825735,9.287949102662871,6.306766086736437,8.3436815539465,0.9431005250541533,0,healthy
SN08-0216,LOT-H,7.051903175695292,3.6961867678083684,8.823089681388051,7.267590929585734,3.811368757579448,8.989119748046074,0.7524613766679861,0,healthy
SN08-0217,LOT-H,8.51306202896163,2.701144929382676,8.847360239130005,9.221786730126885,2.888431822303926,8.954116569522844,0.5391606457799811,0,healthy
SN08-0218,LOT-H,5.95658943357959,3.0794963868545304,8.831888282804307,6.190844195825057,3.227026249618366,8.873987124459335,0.8795770619045004,0,healthy
SN08-0219,LOT-H,23.11774112790022,7.958584586115861,8.490703958586423,31.343963902066196,11.687658441975577,8.919956681238167,0.808744869735937,1,multivariate_latent
SN08-0220,LOT-H,18.78208371562836,7.17008587792192,7.882016896046631,19.4609347420716,7.454507938248415,7.950424033082328,0.7422859170943378,0,healthy
SN08-0221,LOT-H,51.43664529036244,4.647628475370093,8.686482095458214,58.31881247655041,4.809191947984851,8.883351597211064,0.666546349547967,1,single_parameter_outlier
SN08-0222,LOT-H,7.502995370602389,4.358624247888851,9.015984065714266,7.852921102349997,4.770761288141792,9.139913373929712,0.9141848199009854,0,healthy
SN08-0223,LOT-H,24.625980287527682,4.573489490246089,8.162900131299983,25.844593149189613,4.762273311666855,8.195551731825184,0.5102657580917055,0,healthy
SN08-0224,LOT-H,8.764968548441026,4.37602912162559,8.311795380962906,9.00650871561303,4.686760154157551,8.49441515018367,0.5576522356912847,0,healthy
SN08-0225,LOT-H,17.19370313657164,4.1100468352115245,8.271235818987007,17.44275316181614,4.191925546213721,8.304320762262956,0.7761189376997137,0,healthy
SN08-0226,LOT-H,20.39390301267341,4.647628475370093,11.802352958797714,21.456491655512803,4.694693680800398,12.902212952779221,0.8075420407504632,1,single_parameter_outlier
SN08-0227,LOT-H,9.297571256377498,5.1760254313326,8.681418790319167,9.588348450995925,5.340360222025766,8.716144465480443,0.726646410043801,0,healthy
SN08-0228,LOT-H,12.48097232411591,2.199397020810895,8.63222797559397,13.782817462616102,2.329136980934449,8.740618052995533,0.8436475749078802,0,healthy
SN08-0229,LOT-H,12.661379512813062,3.081612661519571,8.598745326322113,13.373090590563157,3.1502396205195735,8.633140307627402,0.5527539103690912,0,healthy
SN08-0230,LOT-H,11.916422318218954,6.948001694136829,8.40651736479976,12.745247513835432,7.226084705399511,8.4707100622101,0.42287066026832953,0,healthy
SN08-0231,LOT-H,16.624377551902747,9.553654649548525,10.672466977055391,17.292158753906016,9.657387801224331,11.819747813573699,0.8533587580063111,1,single_parameter_outlier
SN08-0232,LOT-H,11.838539638430966,17.367577803820755,8.42592617709095,12.291524577614153,20.071139597898963,8.5014889594468,0.48176166630581385,1,single_parameter_outlier
SN08-0233,LOT-H,11.752896848593329,3.952197757999377,8.120666896294882,12.309426308002031,4.025828169495185,8.204340779388923,0.3876223271371453,0,healthy
SN08-0234,LOT-H,15.55774420520729,5.49914539108188,7.8915385243078005,16.2156755417013,5.671670375729342,7.923104678405032,0.9392564089130733,0,healthy
SN08-0235,LOT-H,9.779143093448726,4.051258455949831,8.35005558154651,10.617899657367285,4.296765435975857,8.419536336043064,0.5774721086985402,0,healthy
SN08-0236,LOT-H,7.569651375671221,4.72813373697826,8.444568483172196,8.138016584858415,4.868272319847469,8.602241029096211,0.7728633230923163,0,healthy
SN08-0237,LOT-H,7.054774944986047,4.525282364686769,8.95838030121016,7.408854302556517,4.846071728182438,9.10878880377792,0.47874532519760216,0,healthy
SN08-0238,LOT-H,22.88161667944502,5.829838107717595,8.277077941670768,23.47301998859864,6.0157415626891515,8.331945248537808,0.9288499189145333,0,healthy
SN08-0239,LOT-H,15.963402558347752,5.596243437704532,7.893257436961694,17.855232200501444,5.857991902249238,7.943111942017357,0.8565658193597403,0,healthy
SN08-0240,LOT-H,12.61555564297638,4.415915290035823,7.914361926085595,13.778791604972213,4.609275383090387,8.119345428279356,0.41644510853562633,0,healthy
SN08-0241,LOT-H,7.8669385340267235,2.8666917982374125,8.855874359400804,8.352353787937616,2.957597836123345,9.022788819545221,0.8459866317131604,0,healthy
